id,domain,status,purchase_price,renewal_price,attractiveness,demand,length,registrar,created_at,expires_at
0006496e-8620-45b2-a7e0-c923106c7988,gooutside.kiwi,available,35.68,,84,6,10,namecheap,,
0017a967-2bde-40a1-93b2-1fd76e5c52a2,comeof.kiwi,available,35.68,,74,1,7,namecheap,,
001e9939-e579-4f74-ba65-b9ce01dd2394,tightenup.kiwi,available,35.68,,79,2,10,namecheap,,
001fdb0d-9885-4185-a15b-3eefc31bd606,naturestudent.kiwi,available,35.68,,46,1,14,namecheap,,
003105bf-d37f-436e-a60c-a1491b056377,fitinto.kiwi,available,35.68,,84,1,8,namecheap,,
00346e5c-d266-41f8-b22a-fbe22b7e3c8e,excites.kiwi,available,35.68,,50,2,7,namecheap,,
005b2659-0ebd-426d-966d-717bf25770e0,getlife.kiwi,available,35.68,,80,5,8,namecheap,,
005df32d-338c-4180-b7b2-a5642716ce67,swishing.kiwi,available,35.68,,74,3,8,namecheap,,
005f7947-70bd-48dc-a861-5c1e4dfda176,artgalleries.kiwi,available,35.68,,57,4,13,namecheap,,
00791d4c-67da-4e59-94da-061e6f6ba6f5,lettertotheeditor.kiwi,available,35.68,,69,2,20,namecheap,,
00824492-e74d-4a5f-8ef5-94f69099b669,stealaway.kiwi,available,35.68,,72,1,10,namecheap,,
0089bc25-7bec-43b1-bab0-1f212a7f4031,transportation.kiwi,available,35.68,,66,19,14,namecheap,,
008a518f-1441-4455-8f97-366652c1361c,synthesized.kiwi,available,35.68,,57,3,11,namecheap,,
008b0d8d-7fd6-48b3-807b-c84c2b474f4e,comicrelief.kiwi,available,35.68,,80,4,12,namecheap,,
00a750eb-e01b-44d8-96e2-dd836e97d9ff,Ihaveatemperature.kiwi,premium,,,50,1,20,,,
00a8daf4-b09a-4665-aba6-042debbf8d38,pumping.kiwi,available,35.68,,76,8,7,namecheap,,
00bfa832-4048-41d5-931b-6737cd822173,getthebestof.kiwi,available,35.68,,69,2,15,namecheap,,
00c4699d-661f-453e-9e35-4a2b7af3bd50,stayloose.kiwi,available,35.68,,54,1,10,namecheap,,
00cb62bf-b594-4c5a-a2cc-c4d13d28d155,getitoverwith.kiwi,available,35.68,,50,1,16,namecheap,,
00cef956-9f8d-4004-8743-b9778772e36a,regarded.kiwi,available,35.68,,68,6,8,namecheap,,
00da2846-bbdd-4d4d-84b4-9d051b686c30,letthecatout.kiwi,available,35.68,,67,1,15,namecheap,,
00e6db3f-b1b8-4c6b-aa91-6c360a181d45,darkweb.kiwi,available,35.68,,52,21,8,namecheap,,
00e7f3fd-a054-4e96-9a31-ddb0371a4cfd,getoutthevote.kiwi,available,35.68,,70,2,16,namecheap,,
00eed62c-d9cc-4db6-9184-9992d83b9994,helmethair.kiwi,available,35.68,,70,2,11,namecheap,,
00f09c37-6a29-439c-a340-ce2e4a92b018,getjiggy.kiwi,available,35.68,,80,2,9,namecheap,,
00f6279e-d6e0-4a97-a735-3c08072d578c,Nicki.kiwi,premium,,,66,10,5,,,
00fce662-6ea8-45e2-9537-9cacbd901090,WorldWarIII.kiwi,premium,,,48,3,13,,,
010efc8d-df3e-464c-95f2-972ee7e62818,accountspayable.kiwi,available,35.68,,62,4,16,namecheap,,
0129036d-a0fa-4e31-9dfe-1d51e1c1b2dd,rulesarerules.kiwi,available,35.68,,58,1,15,namecheap,,
01290ffe-f637-4f2c-ba1f-b22e1daae56e,makesense.kiwi,available,35.68,,82,13,10,namecheap,,
0139e078-f9de-49e7-bc8b-bebde067c822,letus.kiwi,available,35.68,,79,12,6,namecheap,,
013a3dda-48e1-4fcb-817a-93a9dfeb3537,weights.kiwi,available,35.68,,56,9,7,namecheap,,
013b6ff3-2bcd-48a1-a11d-20512a4e097a,youwin.kiwi,available,35.68,,61,15,7,namecheap,,
014b2a7a-2d34-4525-b8c9-8cfdbafaf6d6,rowingboat.kiwi,available,35.68,,76,2,11,namecheap,,
0153058b-d256-4a40-8184-c9c5129c33b9,recognisable.kiwi,available,35.68,,80,1,12,namecheap,,
015ec3ae-3c94-41fc-ab4e-7d383a1b1a76,newsarticle.kiwi,available,35.68,,46,2,12,namecheap,,
016abe0e-6440-44a2-8e05-92416e6926d0,businessman.kiwi,available,35.68,,74,9,11,namecheap,,
01727b60-9778-4569-b4cf-079e32617ecd,IliveinMelbourne.kiwi,premium,,,50,0,19,,,
01779b0d-09b0-4cbc-ba3c-3bae72517198,springfor.kiwi,available,35.68,,72,1,10,namecheap,,
018a87f4-f966-48e6-ac13-e114b620b3b4,mouthguard.kiwi,available,35.68,,72,3,11,namecheap,,
01a0421f-9ba3-4309-a3b2-430fb8c64336,unhandy.kiwi,available,35.68,,60,1,7,namecheap,,
01a77452-f926-4c44-9885-624282893701,cometo.kiwi,available,35.68,,74,8,7,namecheap,,
01abdf35-5708-4262-94dc-dd0750fb728e,younggirl.kiwi,available,35.68,,58,2,10,namecheap,,
01b56431-5558-4ba3-9afe-014ef6e9a463,IsleofSheppey.kiwi,premium,,,52,1,15,,,
01be0fb0-f3ec-49ee-9ed0-574f353d6325,turns.kiwi,available,35.68,,62,7,5,namecheap,,
01d642a5-44e5-4aac-a8bf-8dfbfaa8f29a,LordofHosts.kiwi,premium,,,54,2,13,,,
01dd1515-d48b-480c-a6b0-5ca6a7883701,ships.kiwi,premium,73.51,,54,15,5,name.com,,
01df1242-790c-459a-9695-371818064e4a,coldwar.kiwi,available,35.68,,60,5,8,namecheap,,
01eece6a-a209-44ee-bb6f-7cf5eb04211a,honeymoons.kiwi,available,35.68,,64,6,10,namecheap,,
01eeda8a-aeb7-4849-a8b3-6d192d55a7b0,letterspacing.kiwi,available,35.68,,63,1,14,namecheap,,
01f7b941-52ca-497f-81e1-baedb9bb60c7,steeltoeboot.kiwi,available,35.68,,66,1,14,namecheap,,
0206341b-c7df-43f8-b6bd-00700394c4c0,exhaustsystem.kiwi,available,35.68,,60,1,14,namecheap,,
02079f13-d520-459a-923f-066995a32e3e,intakesystem.kiwi,available,35.68,,60,1,13,namecheap,,
0209d157-e1bb-48fa-94c9-2a423061f4b9,dances.kiwi,available,35.68,,66,6,6,namecheap,,
020fe402-ceaa-464b-8bdf-30f4dfb0d85a,Frenchrice.kiwi,premium,,,74,1,11,,,
0211a39a-6db1-46bf-b13e-47e520698995,francisca.kiwi,available,35.68,,76,6,9,namecheap,,
021305b7-5276-485e-85f5-a70ad387f905,Gregorio.kiwi,premium,,,66,7,8,,,
021773f1-671f-44bb-b33a-4da6903e86c2,comedians.kiwi,available,35.68,,56,4,9,namecheap,,
0222a874-90b8-4b35-8928-97deff9b07c0,getreligion.kiwi,available,35.68,,77,1,12,namecheap,,
0225b235-d905-4bf6-8b39-c91d70f6dc54,UnitedStates.kiwi,premium,,,66,92,13,,,
0255317f-2c58-4e06-98a4-b691e329dc6e,inthewind.kiwi,available,35.68,,52,3,11,namecheap,,
0260fc8e-998e-4ea3-87dd-c765f37f9c91,highresolution.kiwi,available,35.68,,64,3,15,namecheap,,
02757ed2-778a-4b5f-8465-68f14889b0e3,doctoralthesis.kiwi,available,35.68,,68,1,15,namecheap,,
0281b39c-ad9f-4a49-9cb0-084d173ae116,keypresses.kiwi,available,35.68,,54,0,11,namecheap,,
0288b9e9-b26a-4709-8953-7afa8e5ab8b1,plusses.kiwi,available,35.68,,56,1,7,namecheap,,
028f3dd7-5336-45c5-8f5f-4b3cc11fbcd4,accountof.kiwi,available,35.68,,72,0,10,namecheap,,
029617b0-140e-41ac-8b40-0fa5386d33ee,gobegging.kiwi,available,35.68,,66,1,10,namecheap,,
029b2711-7e99-42bb-ba6e-a9eeafe49660,atsomepoint.kiwi,available,35.68,,66,1,13,namecheap,,
029edfd4-4065-4ace-8674-d5a1e280e191,sticks.kiwi,available,35.68,,60,11,6,namecheap,,
02a8d40a-a9e5-497a-9e4d-06bc97177260,workethic.kiwi,available,35.68,,74,4,10,namecheap,,
02add870-3d75-4c73-a5de-83d010329573,muttered.kiwi,available,35.68,,56,1,8,namecheap,,
02b5d72d-458c-4133-831f-be8aa5f9e62d,sirens.kiwi,available,35.68,,48,11,6,namecheap,,
02e2cc3f-7c8b-4485-94d2-571a1aeedfaa,childpornography.kiwi,available,35.68,,48,13,17,namecheap,,
0303844c-066a-4dda-8ae6-ee455ec42a4a,Citibank.kiwi,premium,,,74,67,8,,,
0314b1dd-7182-4579-a825-a7790019d344,rapmusic.kiwi,available,35.68,,78,5,9,namecheap,,
031c80fe-64c7-4e8a-8499-ec942969e6f5,settlefor.kiwi,available,35.68,,76,0,10,namecheap,,
031dc5e4-391a-493f-803b-edf902590a30,tooneself.kiwi,available,35.68,,66,1,10,namecheap,,
031fa5fd-b5c5-409b-bb2e-3904a0e4cc34,announces.kiwi,available,35.68,,58,2,9,namecheap,,
03249e36-d3f7-4f9d-95d1-9b2bbf401058,rugbyfootball.kiwi,available,35.68,,68,2,14,namecheap,,
03271f86-646e-4bff-ab17-eb38ab2467ce,unstoppable.kiwi,available,35.68,,82,23,11,namecheap,,
033c5492-dd8c-4c3c-a8d4-968024ba1f86,holdingthecards.kiwi,available,35.68,,44,1,17,namecheap,,
0342c34f-066a-4314-8236-8962b923028a,counts.kiwi,available,35.68,,76,8,6,namecheap,,
034f24f9-f4a8-4f31-80ed-cf4da1c9a5e0,makegoodtime.kiwi,available,35.68,,74,1,14,namecheap,,
036af72b-c283-445b-9b50-4cb3a5159297,dresses.kiwi,available,35.68,,58,10,7,namecheap,,
03709e7c-33b3-446e-82b1-d0254770c008,childmarriage.kiwi,available,35.68,,48,2,14,namecheap,,
0389ad79-e05e-498b-9f4c-19015756d911,chickenroll.kiwi,available,35.68,,76,2,12,namecheap,,
038a9917-cbe2-430e-9796-b5f41d621b49,enterthescene.kiwi,available,35.68,,62,1,15,namecheap,,
03920f2e-335e-40d5-bcbc-5c3f6d6bcd07,yellowpages.kiwi,available,35.68,,78,25,12,namecheap,,
0397d2ab-ecb2-4f9d-b852-6a74c29c3f1e,manyattimes.kiwi,available,35.68,,54,3,13,namecheap,,
039b0453-fa84-48d0-b4fa-5461c538d6fb,springtime.kiwi,available,35.68,,74,8,11,namecheap,,
03a82c6e-3dd4-4865-a0c0-c32ee400a098,Westminster.kiwi,premium,,,70,11,11,,,
03af2e14-c05e-4a64-a8c9-7b2fc106951f,whitevanman.kiwi,available,35.68,,56,2,13,namecheap,,
03bb853f-1b90-42fd-a7f3-d48de266cf1f,instyle.kiwi,premium,55.13,,78,12,8,name.com,,
03c37e44-ca5c-4b11-b1c7-e4c22991e331,prompts.kiwi,available,35.68,,54,39,7,namecheap,,
03c785ba-69fb-4089-a232-4eaea73bcebf,Guys.kiwi,premium,,,68,15,4,,,
03e0d818-b174-43af-b68d-eac9d430e302,comeintoforce.kiwi,available,35.68,,66,0,15,namecheap,,
03e28dbc-a089-4e66-94e7-109e3eed1f13,BlackFriday.kiwi,premium,,,74,28,12,,,
03f0c173-d0b9-41a7-a4be-488862e76f78,privatelife.kiwi,available,35.68,,78,4,12,namecheap,,
04018835-36fe-4256-8171-1e05ccf240db,combinations.kiwi,available,35.68,,56,4,12,namecheap,,
041086a2-480f-4957-95fb-dfc66601cd79,Ihavediabetes.kiwi,premium,,,50,2,15,,,
041f1cbf-8828-49fe-beef-e28e31da50d6,tubes.kiwi,premium,55.13,,48,12,5,name.com,,
042fdf7a-b8d9-49e3-9fd4-2eb3f5b66f66,shortcuts.kiwi,available,35.68,,48,41,10,namecheap,,
0450dc6d-f0fc-4c19-8331-4e44e185a97e,icons.kiwi,available,35.68,,68,19,5,namecheap,,
04563592-4b1a-4d3c-b19b-b724564470da,youthink.kiwi,available,35.68,,52,5,9,namecheap,,
04672b2a-b73e-4809-8444-60e80297a038,bigidea.kiwi,available,35.68,,66,12,8,namecheap,,
04732867-87f9-4957-80d4-a46d5524cc05,woops.kiwi,available,35.68,,74,8,5,namecheap,,
0484e605-8a8a-4849-b336-92ed364b6502,howtheturntables.kiwi,available,35.68,,44,1,18,namecheap,,
0492053e-823b-4a28-80f5-40911820e03b,purchaseorder.kiwi,available,35.68,,66,3,14,namecheap,,
04956b0a-6678-4a6c-b4a9-7be2a300f5b7,mentalillness.kiwi,available,35.68,,54,4,14,namecheap,,
049cbb59-8e9f-4652-a2fc-84bd3b5396e9,fanclub.kiwi,available,35.68,,84,20,8,namecheap,,
04ab83f1-7515-4de1-9788-b25622635e54,gettheboot.kiwi,available,35.68,,70,1,12,namecheap,,
04b323bf-4ca9-48ef-8714-54d91dce6ca2,desktoppublishing.kiwi,available,35.68,,66,3,18,namecheap,,
04b682fe-025d-4d88-9acd-b8254861f420,fittest.kiwi,available,35.68,,58,7,7,namecheap,,
04c403bc-8dd0-49b0-beaf-a8d41ac2cfca,sellon.kiwi,available,35.68,,68,7,7,namecheap,,
04cddbb7-37da-4a25-87a9-4a9f9fb99126,blueberries.kiwi,premium,42.99,,70,9,11,name.com,,
04e227a3-636f-4f6d-bcee-2b202207549a,traded.kiwi,available,35.68,,52,6,6,namecheap,,
04f5fd73-11ea-4439-a74d-d3360be6c7f2,howdo.kiwi,available,35.68,,58,10,6,namecheap,,
04f8637a-54ec-454c-b8fb-cd68d0003af1,nosmoking.kiwi,available,35.68,,54,5,10,namecheap,,
04ff4a85-272c-4a0a-ac06-b3f19a04f024,overwith.kiwi,available,35.68,,60,1,9,namecheap,,
0542313c-19ae-474e-b5ad-5b0d5e209335,inshortorder.kiwi,available,35.68,,52,0,14,namecheap,,
0544afb1-98ab-4c7d-bf71-84951ef72a6d,overagain.kiwi,available,35.68,,61,1,10,namecheap,,
055210cc-87d9-4ca6-b008-7e4f77478e25,departmentstore.kiwi,available,35.68,,66,4,16,namecheap,,
0554e581-5906-4761-9e8b-7d62656b27a7,gooff.kiwi,available,35.68,,68,4,6,namecheap,,
058941c7-77a5-4055-81f3-84e87773bc1a,searches.kiwi,available,35.68,,50,9,8,namecheap,,
058eec3d-61e9-4f5b-9c8a-f288c012ecd2,haveover.kiwi,available,35.68,,74,1,9,namecheap,,
0590b867-dfb0-44cf-be09-5f8db882eba6,windowdisplay.kiwi,available,35.68,,42,2,14,namecheap,,
0594a219-c069-4bb5-96ee-85a69db3067d,gaslighting.kiwi,available,35.68,,68,6,12,namecheap,,
05a8e06e-2e3c-4f92-b4c4-e1d3d32f110a,butif.kiwi,available,35.68,,44,1,6,namecheap,,
05ae6a43-f800-408d-bb95-2a341ca179e8,ballplayer.kiwi,available,35.68,,74,2,11,namecheap,,
05b7899f-1561-4da2-afdb-0d747aa77d6f,lookingforwardto.kiwi,available,35.68,,54,2,18,namecheap,,
05b9a5e6-907f-41a7-88ff-83c0a48948de,speedofsound.kiwi,available,35.68,,68,4,14,namecheap,,
05d05a70-0d68-4377-9aa0-0e9dc4b45ec7,mothahfucker.kiwi,available,35.68,,66,1,12,namecheap,,
05d92146-7147-4c64-80c6-193641f2a164,seized.kiwi,available,35.68,,54,5,6,namecheap,,
05dc81c3-9793-4538-b37f-25d14e97ebf0,digits.kiwi,available,35.68,,76,21,6,namecheap,,
05e2ff6a-d412-4adf-b162-e86f5676ad0e,deadoralive.kiwi,available,35.68,,54,5,13,namecheap,,
05f44583-c6c1-4939-a068-1ab8874bf7bf,takeabreak.kiwi,available,35.68,,86,8,12,namecheap,,
05f8d13c-4a2c-4711-b2ec-b8612c24699b,uponthewhole.kiwi,available,35.68,,46,1,14,namecheap,,
05febf40-1d63-4af5-99f9-c974eb725174,pairofshades.kiwi,available,35.68,,65,0,14,namecheap,,
060c5a35-8414-4c23-9be2-812d3268d622,lookunderrocks.kiwi,available,35.68,,64,1,16,namecheap,,
0620eef2-bde7-49c1-8765-a41a82c568a5,silotruck.kiwi,available,35.68,,68,1,10,namecheap,,
0621be5d-c36f-40a7-90d2-97ec5c8a6d8a,studies.kiwi,available,35.68,,72,13,7,namecheap,,
06269908-f73f-460b-91f9-ac54f86007d3,postcards.kiwi,available,35.68,,50,11,9,namecheap,,
062b70ed-f463-4e65-90da-1ab5b94a4aff,rakeout.kiwi,available,35.68,,66,0,8,namecheap,,
062deae9-b9c4-4f14-959f-b64fefb99c9a,hashtag.kiwi,available,35.68,,82,32,7,namecheap,,
06361006-513c-424e-a0f9-250e0c761d01,BRAS.kiwi,premium,,,70,13,4,,,
063c3dfa-6ee2-4965-921f-88b5f79d42c7,makenews.kiwi,available,35.68,,80,1,9,namecheap,,
0668a247-bb4b-4e26-a825-8563f5da9414,plasticsurgeon.kiwi,available,35.68,,72,9,15,namecheap,,
06733847-68fa-4835-81e0-047bbd2fcdc9,howsayyou.kiwi,available,35.68,,52,1,11,namecheap,,
0678441f-4b4b-48d2-8d67-379e0c880655,mouthoff.kiwi,available,35.68,,65,1,9,namecheap,,
0682c365-c302-4870-8af1-d34573fe1ab1,licensinglaw.kiwi,available,35.68,,42,2,13,namecheap,,
0687cfde-67c8-482d-819e-b545bf098715,privateeye.kiwi,available,35.68,,53,4,11,namecheap,,
06882b93-fa00-46dd-b0db-937c515e9874,faces.kiwi,available,35.68,,60,21,5,namecheap,,
0692dc7b-a224-4b56-aabd-8208cb954853,gives.kiwi,available,35.68,,52,12,5,namecheap,,
06e6aa51-3174-46a9-a430-c5baadb8b64b,decoders.kiwi,available,35.68,,50,5,8,namecheap,,
070291f7-c9af-41e3-ad92-5bb7e72e0e79,letpast.kiwi,available,35.68,,75,0,8,namecheap,,
072405f3-55e6-4d57-a6ce-8ae4f0c6a4ed,mousearound.kiwi,available,35.68,,57,1,12,namecheap,,
0735ddcf-577c-45ff-bd9c-b7ba3cb9fa63,breeds.kiwi,available,35.68,,60,4,6,namecheap,,
07398e06-f050-4ca2-9481-da099b987110,popcornmovie.kiwi,available,35.68,,77,1,13,namecheap,,
07450468-ddc5-4a54-877c-74829b774bbd,wearoff.kiwi,available,35.68,,72,1,8,namecheap,,
074f1921-b2e5-4eee-9b1d-0b6d1d19164f,therealityis.kiwi,available,35.68,,44,1,14,namecheap,,
075055df-ba65-418b-a0e8-14057449485d,ebooks.kiwi,available,35.68,,62,19,6,namecheap,,
07511ade-5ef4-4b52-b2a3-e43a5317a5a0,fastgrowing.kiwi,available,35.68,,72,3,12,namecheap,,
07594f3f-08b7-4f04-993a-4ae4259d2a6f,informs.kiwi,available,35.68,,62,6,7,namecheap,,
077b132a-daba-4089-b421-a1d41ff97711,taketowife.kiwi,available,35.68,,68,1,12,namecheap,,
0786340a-1641-4562-ae09-620c8bb19b9e,ontop.kiwi,available,35.68,,66,14,6,namecheap,,
078d386f-f83c-433f-9606-78e593b1d89e,CountyofYoung.kiwi,premium,,,42,1,15,,,
07904814-fef4-4fce-bc52-6433912ff106,Ava.kiwi,premium,,,76,42,3,,,
07afbf5c-3394-4540-9e56-01ff4711705e,enterinto.kiwi,available,42.99,,70,1,10,name.com,,
07b1a4c2-d1f7-46f3-9743-23b4ef2c6f59,reflexcamera.kiwi,available,35.68,,64,1,13,namecheap,,
07b2079d-f515-4135-8b12-5cc16434fc71,flaxcotton.kiwi,available,35.68,,56,0,11,namecheap,,
07c5a0bd-fc8c-464d-bcfb-e25ce2b28c53,commented.kiwi,available,35.68,,48,2,9,namecheap,,
07da7b95-2e47-4f00-b0a2-579c5f2034f5,thinkabout.kiwi,available,35.68,,77,9,11,namecheap,,
07dc17a1-b121-4498-aa7b-73837dd345be,randoms.kiwi,available,35.68,,48,8,7,namecheap,,
07fa359d-71b0-4b7d-b878-405833b14df1,goastray.kiwi,available,35.68,,66,1,9,namecheap,,
08059683-2e77-4786-988b-eaa0a86910f6,jumps.kiwi,available,35.68,,73,9,5,namecheap,,
081225e9-9353-4976-8ae4-19d7f680c4f7,oneyearold.kiwi,available,35.68,,78,1,12,namecheap,,
08137085-e9cf-4a8a-b350-f191247c656d,fights.kiwi,premium,55.13,,55,9,6,name.com,,
08149685-70c5-4f2d-bf80-b3beac45770b,dataflow.kiwi,available,35.68,,70,16,9,namecheap,,
0841a51e-918b-4010-bed5-e16f22a36548,wannabet.kiwi,available,35.68,,62,6,9,namecheap,,
0841c422-e909-4a41-bfbb-923209f135d3,hammerout.kiwi,available,35.68,,70,1,10,namecheap,,
08473f7a-59b7-4409-a978-580517ad1cf5,blanksheet.kiwi,available,35.68,,80,3,11,namecheap,,
087d9c6f-b2d0-460b-9416-849e4b8e179f,motorrace.kiwi,available,35.68,,56,2,10,namecheap,,
08923477-4a72-4fca-950a-92d705ea0b4a,WestVirginia.kiwi,premium,,,52,15,13,,,
0898aa64-4709-4093-a11f-73aa24c2d5e3,ovens.kiwi,available,35.68,,55,6,5,namecheap,,
08993378-0e04-444c-ade6-361a7bf1d043,getlaid.kiwi,available,35.68,,76,6,8,namecheap,,
089ca3a3-d7b5-44c6-9581-875e5611db0f,gettakenin.kiwi,available,35.68,,70,1,12,namecheap,,
08a66ecd-207c-4c47-989a-e66609243ad4,justin.kiwi,available,35.68,,58,38,7,namecheap,,
08aecd2d-bd8a-4393-89b3-dbdcfd3fb1cc,CountyofHawaii.kiwi,premium,,,50,1,16,,,
08bd4d7a-02b6-443b-bdc5-53c869cf82e6,Bflat.kiwi,premium,,,68,5,6,,,
08be5535-94cd-4e7a-a5fb-f3860a9a8601,Iswear.kiwi,premium,,,58,2,7,,,
08d5a80c-cb4c-49ef-b412-6294e11fced6,havethebestofit.kiwi,available,35.68,,68,1,19,namecheap,,
08d6021c-daff-4f35-8d13-4375dec6756e,UnitedKingdom.kiwi,premium,,,64,92,14,,,
08e42412-538e-4ea1-a0aa-8cb40afa4aac,tunnelvision.kiwi,available,35.68,,60,9,13,namecheap,,
08ec2e21-3d2a-4f56-85ef-cd1b0af893e3,bluecheese.kiwi,available,35.68,,78,3,11,namecheap,,
08f5e65f-713f-4dd0-b642-3cedc2f8c2bd,missinginaction.kiwi,available,35.68,,56,2,17,namecheap,,
08faecf9-b010-43f0-9520-d0c75d96efce,Godknew.kiwi,available,35.68,,60,1,8,namecheap,,
08fb3341-5515-4563-9086-416ed6651fa7,appropriately.kiwi,available,35.68,,60,2,13,namecheap,,
0901182a-c52a-42b6-9f65-a42591d897e5,bonvoyage.kiwi,available,35.68,,88,16,10,namecheap,,
0907ad14-35e7-4db6-b28b-f340d4b0af6f,texts.kiwi,available,35.68,,52,13,5,namecheap,,
091ce66d-a5f0-4441-a65c-3d985702e3b9,pomegranates.kiwi,available,35.68,,60,4,12,namecheap,,
0924c0e7-0da0-4278-9803-0d728b092507,WestCountry.kiwi,premium,,,62,4,12,,,
0925b9d3-28df-4dba-834d-de5e0e34225b,speakto.kiwi,available,35.68,,80,6,8,namecheap,,
09525e4d-6d9d-45c5-ad6c-30ee8aaed160,closerange.kiwi,available,35.68,,72,1,11,namecheap,,
09538bf2-b19c-4456-8071-91e1b8691503,planes.kiwi,premium,183.78,,67,13,6,name.com,,
09719543-9be5-4098-aae7-763badf44059,fuckster.kiwi,available,35.68,,66,2,8,namecheap,,
0974a5a6-dc07-4246-af18-03715402551b,settledown.kiwi,available,35.68,,80,2,11,namecheap,,
09782bf9-229e-49cc-8a58-06ccb956591f,howmuch.kiwi,available,35.68,,78,15,8,namecheap,,
097c4bec-e77e-41c9-8188-92567e6bd728,quieted.kiwi,available,35.68,,55,2,7,namecheap,,
098669c9-54ca-4821-874c-b09b0f447aa2,ladiesandgents.kiwi,available,35.68,,68,2,16,namecheap,,
098aa574-cb68-4f02-83cb-65f566f71eb3,quizzes.kiwi,available,35.68,,54,8,7,namecheap,,
098d47f7-17bc-47df-b10f-d7694b5b6e26,prefers.kiwi,available,35.68,,52,3,7,namecheap,,
099d0331-54ae-418b-9e3c-f73c06b0ce05,abides.kiwi,available,35.68,,70,4,6,namecheap,,
09a513b3-c17c-44fd-ba83-748ce79fea25,corrections.kiwi,available,35.68,,68,6,11,namecheap,,
09a6a080-4a66-4e84-80a8-0d0bb646436a,Xrays.kiwi,premium,,,52,5,6,,,
09bbc9ca-7ad4-4bed-a293-572de2adb7bc,Frenchroast.kiwi,premium,,,62,2,12,,,
09d206fc-52f6-47c7-8e2d-e91c6363ab81,possesses.kiwi,available,35.68,,48,1,9,namecheap,,
09d6e626-e1b3-4347-8dc0-a70fe8aaf025,droppingoff.kiwi,available,35.68,,52,1,12,namecheap,,
09e17fbf-444c-4ca4-98f8-f60665af4303,prescription.kiwi,available,35.68,,70,15,12,namecheap,,
09e43102-cf51-4e19-906a-26ff80df5238,wouldithurt.kiwi,available,35.68,,44,0,13,namecheap,,
09eb3e99-19c5-49f0-ade6-e044c8f43861,rightandleft.kiwi,available,35.68,,48,3,14,namecheap,,
09f180c1-87a3-4b88-8850-ebfe796b33a7,actiondoll.kiwi,available,35.68,,74,1,11,namecheap,,
09f8b3f1-c7ba-41cf-a31b-b2cd5dec8fd4,IKiribati.kiwi,premium,,,76,1,10,,,
09fabd79-5e69-40c5-b13a-7ffcf9fa527a,kingsize.kiwi,available,35.68,,74,8,9,namecheap,,
0a0145ad-dd6f-475d-863b-905837708683,Nickelodeon.kiwi,premium,,,90,11,11,,,
0a095fa1-5c9e-496b-ae87-717a4b460eed,leaveofabsence.kiwi,available,35.68,,66,1,16,namecheap,,
0a0c6363-5cdf-473e-a44f-0bb767c2aa7d,Williamson.kiwi,premium,,,60,13,10,,,
0a19e864-14a6-4177-925b-ffaa326388be,onthetable.kiwi,available,35.68,,68,5,12,namecheap,,
0a22f45e-8b7d-4171-8beb-e98d8d3de51b,motherfukka.kiwi,available,35.68,,66,1,11,namecheap,,
0a24ee5a-a62d-41bf-9b46-6bb00f9f4ac6,keepoutof.kiwi,available,35.68,,68,1,11,namecheap,,
0a2eb1d3-33ac-49b3-9981-22f8aec4ecfa,jewels.kiwi,available,35.68,,80,15,6,namecheap,,
0a2ed29f-c76a-44b8-a2e2-d765a63507b9,stockings.kiwi,available,35.68,,58,6,9,namecheap,,
0a401719-d203-4156-9087-9c139aa13320,families.kiwi,premium,184.9,,58,13,8,name.com,,
0a411704-6022-462b-a1b8-9aefd9194257,whereby.kiwi,available,35.68,,52,15,7,namecheap,,
0a4f3782-bacc-46d7-8705-4f03ce562300,luncheonmeat.kiwi,available,35.68,,70,1,13,namecheap,,
0a66ee2e-f858-4f45-83f2-74c5a2288db2,tendered.kiwi,available,35.68,,53,3,8,namecheap,,
0a6f531d-88f3-4dc1-9bcc-b0f9e851d75d,bucketlist.kiwi,available,35.68,,80,22,11,namecheap,,
0a71c6c2-b0ba-4dae-b9e6-96544d390bbe,multiplication.kiwi,available,35.68,,55,6,14,namecheap,,
0a8c6dc9-2fb8-49ff-9033-99b4a6cc0441,sawoff.kiwi,available,35.68,,60,1,7,namecheap,,
0a916d12-a8ef-4c49-810d-c35ed66bdf03,howlong.kiwi,available,35.68,,58,5,8,namecheap,,
0a9ab602-b2cc-4975-b300-be95993a7745,WhiteSox.kiwi,premium,,,70,60,9,,,
0a9cd60a-f067-49eb-9e7c-7990a197014b,texted.kiwi,available,35.68,,59,4,6,namecheap,,
0a9e12a6-87b3-493f-886e-e6a43eb64413,concertgoers.kiwi,available,35.68,,59,1,12,namecheap,,
0aa3595c-b0e4-472f-9d4d-768a34863fd2,getunder.kiwi,available,35.68,,54,1,9,namecheap,,
0aa4c33a-6391-40d9-a5b3-95bbfdf4173b,rulesisrules.kiwi,available,35.68,,58,0,14,namecheap,,
0aa83218-29a0-4db7-971c-12afcaa1aea1,genericnames.kiwi,available,35.68,,42,2,13,namecheap,,
0aaac8dc-d39b-4fe2-9967-b2fbd6f2d567,goingout.kiwi,available,35.68,,54,5,9,namecheap,,
0ab3cca1-825f-4cba-b416-f153706100f7,manypartedness.kiwi,available,35.68,,64,1,15,namecheap,,
0ab83714-78b0-4f90-8a82-8b35b3b09e78,songbirds.kiwi,available,35.68,,64,6,9,namecheap,,
0ac6c228-a469-47f1-9e11-49f96ea2530a,commonhippopotamus.kiwi,available,35.68,,66,1,19,namecheap,,
0adc15a2-1118-4164-9144-23386d04c1f0,handdown.kiwi,available,35.68,,76,1,9,namecheap,,
0b0243ee-6c74-4d4d-bcaf-f50bf0a00993,techsupport.kiwi,available,35.68,,76,18,12,namecheap,,
0b028ac7-0835-41b9-8ce1-113b8fd9f080,gopast.kiwi,available,35.68,,68,0,7,namecheap,,
0b135fda-ad07-4529-9da1-355b56a10467,releasecandidate.kiwi,available,35.68,,66,1,17,namecheap,,
0b177885-2d02-4baa-a063-7cb4734653f6,estimated.kiwi,available,35.68,,50,5,9,namecheap,,
0b3efa25-0c2e-4811-9117-714a39962db7,draws.kiwi,available,35.68,,65,6,5,namecheap,,
0b5614d4-64ce-4beb-965c-2aba9ca1dc83,Serbs.kiwi,available,35.68,,51,2,5,namecheap,,
0b633b8e-6a99-4262-b627-98252934ab9f,pills.kiwi,premium,55.13,,56,15,5,name.com,,
0b6892c7-5a25-4c1c-aef3-dfa7e22fa57e,ohmyfuck.kiwi,available,35.68,,68,1,10,namecheap,,
0b733fd7-04d1-4300-8b65-82f346e920b7,Fla.kiwi,premium,,,64,17,3,,,
0b767875-722a-4763-b8a3-a35249501108,Snickers.kiwi,premium,,,80,10,8,,,
0b804d10-f65f-4cfc-9807-ddd104cd3ce5,commonterm.kiwi,available,35.68,,68,0,11,namecheap,,
0b8a8fd4-69a9-44b4-a743-661b77f158b4,supplied.kiwi,available,35.68,,55,5,8,namecheap,,
0b965230-fbd9-4c44-8399-d17ace5e5217,pinging.kiwi,available,35.68,,70,3,7,namecheap,,
0ba2f72d-31d5-426d-acff-4cfc29d72510,highprofile.kiwi,available,35.68,,70,4,12,namecheap,,
0ba7b34c-53e6-4daa-b713-47a37398ea16,participants.kiwi,available,35.68,,58,7,12,namecheap,,
0ba8fdb6-d824-4f2d-9008-f24c91db633c,clearout.kiwi,available,35.68,,70,5,9,namecheap,,
0bb0ace2-9ccf-4e25-b9a6-4c17f4bf8391,bloodflow.kiwi,available,35.68,,74,2,10,namecheap,,
0bc12b87-309e-4f2f-890f-4cfa121fd4ee,Ihavenever.kiwi,premium,,,68,1,12,,,
0bfc94be-5996-486c-aeab-543542d76199,comeoutontop.kiwi,available,35.68,,68,1,15,namecheap,,
0c1f369c-1d54-4f52-85d1-f31e75fecc07,alltheway.kiwi,available,35.68,,64,7,11,namecheap,,
0c2319f2-ea77-4bcc-847f-6deb76619c72,comeinhandy.kiwi,available,35.68,,76,1,13,namecheap,,
0c2ba665-999e-42f7-b2f5-df8979d4e764,wandered.kiwi,available,35.68,,56,4,8,namecheap,,
0c2c5f51-fdf7-4b4d-ad1a-8803cc92289f,amplifying.kiwi,available,35.68,,56,3,10,namecheap,,
0c322b47-2f6e-4b7b-a0e9-7ed2a0b6d885,brosbeforehoes.kiwi,available,35.68,,38,1,16,namecheap,,
0c4034ac-4a6b-4465-9be8-5b53615ea3cd,possibilities.kiwi,available,35.68,,52,7,13,namecheap,,
0c6ea2a3-a9ad-44ba-be63-01c5e7d3e472,highschools.kiwi,available,35.68,,65,4,12,namecheap,,
0c6fc540-0ceb-428d-ae51-dcd665212b79,gettothebottomof.kiwi,available,35.68,,66,1,20,namecheap,,
0c7cd439-56f4-4bf3-bdbe-0fdf6fc4cc6a,takecareof.kiwi,available,35.68,,80,3,12,namecheap,,
0c8e6859-c9d2-4bbe-a1b3-875af832d6b3,knew.kiwi,available,35.68,,50,10,4,namecheap,,
0c92fe4c-9222-4a85-ba07-5d70c907624f,toneofvoice.kiwi,available,35.68,,68,4,13,namecheap,,
0c9e54cf-a624-46f4-b235-1f519a40c5b0,RedSox.kiwi,premium,,,72,60,7,,,
0c9f08d8-ae5c-41a2-86e2-39e66eec24e1,allowed.kiwi,available,35.68,,75,6,7,namecheap,,
0ca4bbe5-e4b8-4848-8f63-2dfeb032d1d6,subjectmatter.kiwi,available,35.68,,64,5,14,namecheap,,
0ca5a107-d14d-43dd-a0b7-01144a4be112,hovers.kiwi,available,35.68,,56,3,6,namecheap,,
0cb2ad7f-003d-4754-b5da-79c604895d9c,highseas.kiwi,available,35.68,,74,6,9,namecheap,,
0cd05c1c-38da-464c-b89d-f66f30e01102,havethehotsfor.kiwi,available,35.68,,60,1,17,namecheap,,
0cd1970d-53ea-4d07-bc21-0d9fead46375,onceforall.kiwi,available,35.68,,52,4,12,namecheap,,
0cd908dd-3626-4f15-b532-df699327c2c8,VHS.kiwi,premium,,,71,20,3,,,
0cdc97ac-b6f8-43e0-9925-92f645402848,wonders.kiwi,available,35.68,,62,16,7,namecheap,,
0ced7a9e-3859-4b5c-a589-edeab5b4d8f8,Ilostmyhandbag.kiwi,premium,,,50,0,17,,,
0d12b5fb-bb63-4cc9-b5ee-182777cd1aa9,collapsed.kiwi,available,35.68,,38,3,9,namecheap,,
0d2bf6c6-0aa5-4af1-a867-82937e026a8b,GrandExchange.kiwi,premium,,,56,5,14,,,
0d34f35c-f3d0-4341-b273-8f68585db672,conducted.kiwi,available,35.68,,54,2,9,namecheap,,
0d4efe77-13a7-46a0-8821-03f850df8bcb,Rihanna.kiwi,premium,,,81,12,7,,,
0d4f3b64-8590-490a-9679-7dca166f4e9f,agents.kiwi,resell,,,56,50,6,"GoDaddy.com, LLC",05/02/2026 15:52,05/02/2027 15:52
0d5114df-84a5-4773-8212-fabd446fe8d3,organizing.kiwi,available,35.68,,76,12,10,namecheap,,
0d5a329d-27f0-4996-b974-be57273477ce,atthat.kiwi,available,35.68,,75,1,7,namecheap,,
0d62e6fe-c4da-4f2a-aa70-e1b77a5f47ca,manykinded.kiwi,available,35.68,,68,1,11,namecheap,,
0d6d8c8f-3950-4eb5-9a0b-d025aa92ad9a,inshortpants.kiwi,available,35.68,,58,1,14,namecheap,,
0d739f5e-4689-4004-8639-b1d3fd291839,backtoback.kiwi,available,35.68,,72,5,12,namecheap,,
0d767812-f86c-4b1d-9ab4-d8f66020d66f,satellites.kiwi,available,35.68,,59,8,10,namecheap,,
0d7a4389-ed5c-40e6-8022-00cfc2ea377f,prettier.kiwi,available,35.68,,62,5,8,namecheap,,
0d847332-ac2c-4301-87f5-1090e3d9e14b,divorcing.kiwi,available,35.68,,46,6,9,namecheap,,
0d8a4ea5-e42a-4702-a424-411014ef0a26,MickeyMouse.kiwi,premium,,,86,11,12,,,
0db08747-a92e-41f1-8032-f323b52fd552,Bets.kiwi,premium,,,72,34,4,,,
0dcb0acd-024b-44a6-8d54-73ddacf901f5,underestimated.kiwi,available,35.68,,42,6,14,namecheap,,
0dceaf50-6a67-44d5-a349-5157b708e520,intelligence.kiwi,available,35.68,,84,39,12,namecheap,,
0dd7b252-800b-41f4-a718-361cd40672b2,havethebestof.kiwi,available,35.68,,48,1,16,namecheap,,
0de55e78-4999-4b38-a044-8f647d176999,precautions.kiwi,available,35.68,,48,2,11,namecheap,,
0de79e25-9e6c-4ea9-a716-33b165c77b64,failed.kiwi,available,35.68,,60,11,6,namecheap,,
0e010288-661b-4cb5-bdb9-4a3a7c0df428,referred.kiwi,available,35.68,,52,6,8,namecheap,,
0e22ae26-e120-4045-b6b8-e46bb0b10d53,closeones.kiwi,available,35.68,,52,1,10,namecheap,,
0e23d274-c278-4651-882c-c6198a927dc4,CountyofQueens.kiwi,premium,,,44,1,16,,,
0e253829-9b6c-4fae-b039-84da31be4788,goodbet.kiwi,available,35.68,,74,6,8,namecheap,,
0e2ced50-3ca6-4e4e-8977-595722821e12,generalpractice.kiwi,available,35.68,,68,4,16,namecheap,,
0e37c29f-0972-40d5-abd9-5a088e13a66e,medicalreport.kiwi,available,35.68,,60,2,14,namecheap,,
0e381eb4-b844-4f40-aa85-5dc2121d6f91,pushup.kiwi,available,35.68,,72,9,7,namecheap,,
0e4cc430-63e2-435c-b6cf-527a9e8f8530,goodnews.kiwi,available,35.68,,80,23,9,namecheap,,
0e4faf64-c07b-4e62-8e01-144f8d26cc3c,Germanchamomile.kiwi,premium,,,72,1,16,,,
0e6e1ddb-6095-4ff8-adb5-3b345957402d,chocolatetruffle.kiwi,available,35.68,,76,1,17,namecheap,,
0e6e88fa-d05d-48c9-a297-32e8f34b07bb,Canadas.kiwi,premium,,,52,6,7,,,
0e80572b-bfe3-45a4-b848-e8146a899a75,turds.kiwi,available,35.68,,38,3,5,namecheap,,
0e867217-308f-4db4-99a5-30fd392ef3b7,hairdryers.kiwi,available,35.68,,60,2,10,namecheap,,
0e9202a6-ab04-4443-a1b8-74f48b45fa7f,ontheedgeof.kiwi,available,42.99,,48,1,14,name.com,,
0e9b987c-42e0-4890-9841-8528f94c8b65,wars.kiwi,available,35.68,,48,10,4,namecheap,,
0e9c59da-8283-46c8-9278-198cd4a5cb86,giveofoneself.kiwi,available,35.68,,68,0,15,namecheap,,
0e9d4939-adfe-4218-ac33-d89e804605b5,getsomeair.kiwi,available,35.68,,77,1,12,namecheap,,
0e9fb4db-13dd-4fba-b66d-bb6885dab23c,feelupto.kiwi,available,35.68,,50,0,10,namecheap,,
0eb317ae-ce5e-49fd-a449-19575baccbbd,hills.kiwi,premium,55.14,,65,20,5,name.com,,
0eb9fde1-11b8-48bf-96a8-aaf4a5a77b11,scoops.kiwi,available,35.68,,54,9,6,namecheap,,
0ebc8c6b-9df2-4c51-9889-0605c1f5585a,tks.kiwi,available,42.99,,70,17,3,name.com,,
0ebeb720-9ce3-4aa3-b75b-e68bd2a43bbb,machines.kiwi,premium,42.99,,56,22,8,name.com,,
0ebecc6d-1af8-4764-8c0c-4ce81a829354,intheact.kiwi,available,35.68,,52,1,10,namecheap,,
0ebf0517-df60-4578-90f5-ca4d557b43ab,yams.kiwi,premium,55.13,,56,10,4,name.com,,
0ec1f026-a825-416f-8974-7ee4e21c7264,commonsense.kiwi,available,35.68,,86,30,12,namecheap,,
0ec4bac9-7f39-46fc-847c-b53219381186,disappointments.kiwi,available,35.68,,30,1,15,namecheap,,
0ed9bcfb-6e5e-4c5a-a7dc-aa5d7eb8342d,yougotthis.kiwi,available,35.68,,58,9,12,namecheap,,
0ef94f0a-54e8-496c-8679-c42383c256d8,HarryPotter.kiwi,premium,,,72,20,12,,,
0f0e2329-1eb6-42a2-9a8c-d81fb09b6339,organisations.kiwi,available,35.68,,52,3,13,namecheap,,
0f2c983f-0039-45f1-b53b-e762d1b19c90,nutrients.kiwi,premium,42.99,,58,9,9,name.com,,
0f2d7c15-19b4-4fa5-ae2c-9f2cf768f17c,coffeewoman.kiwi,available,35.68,,80,2,11,namecheap,,
0f2d97a7-2989-434d-b4c0-5473d1c11d8d,zipfile.kiwi,available,35.68,,72,3,8,namecheap,,
0f336ccb-3371-4913-8de6-fa3346776a10,makefriendswith.kiwi,available,35.68,,58,1,17,namecheap,,
0f4734fa-b34c-4212-8614-3324f717e44d,returns.kiwi,available,35.68,,72,16,7,namecheap,,
0f53de5f-24d7-4e3e-ad40-3cf68c22d89a,fivestar.kiwi,available,35.68,,86,25,9,namecheap,,
0f5b1416-85a4-4de6-bc12-6d5ef5b36998,estimators.kiwi,available,35.68,,50,3,10,namecheap,,
0f5e8110-fc00-43a6-81bd-8da1dd4e73ed,softenup.kiwi,available,35.68,,68,0,9,namecheap,,
0f6fab5b-8b95-4fe6-9db1-60eaef8f5f4b,childlanguage.kiwi,available,35.68,,60,1,14,namecheap,,
0f7a0527-b24b-4a6b-b031-d799b55c1d93,involving.kiwi,available,35.68,,56,2,9,namecheap,,
0f7dcb4e-dfdf-437c-a65d-4f4e0bd41b9d,getopen.kiwi,available,35.68,,77,3,8,namecheap,,
0f8a9044-e758-4108-9aad-2683bb1cba51,goforth.kiwi,available,35.68,,74,10,8,namecheap,,
0f9b76fe-1326-4795-aafe-eced6525aa84,distinctiveness.kiwi,available,35.68,,72,1,15,namecheap,,
0fa26348-00ac-4565-8a97-769ffbdf776e,newest.kiwi,available,35.68,,64,12,6,namecheap,,
0fbd8b6d-10e6-4128-94d0-302d26ce5706,hangbyathread.kiwi,available,35.68,,56,1,16,namecheap,,
0fd4764e-b688-4d49-831a-9b3b52cc0c80,goitalone.kiwi,available,35.68,,74,1,11,namecheap,,
0fe8423a-5ec0-465d-bf2e-4c356b926bed,studentloan.kiwi,available,35.68,,70,9,12,namecheap,,
101c0ae7-8774-4e86-970f-865eeaaee2bf,getwiththeprogram.kiwi,available,35.68,,69,2,20,namecheap,,
102d2e78-292e-46c4-bddf-599405f0d4e4,refusing.kiwi,available,35.68,,40,3,8,namecheap,,
103b13b5-5d88-4a10-a21b-ed6bf335be33,managing.kiwi,available,35.68,,74,10,8,namecheap,,
104040ae-9054-4007-89d4-bd394f7a518c,FrenchRepublic.kiwi,premium,,,58,57,15,,,
107fc8d4-564e-4a7d-b660-a5eb1763dd9f,ribbons.kiwi,available,35.68,,56,9,7,namecheap,,
10800073-743d-4866-8efc-132219c3d951,showaleg.kiwi,available,35.68,,68,0,10,namecheap,,
1095ecb1-6638-4e52-a747-abf1ddf43482,walkfree.kiwi,available,35.68,,78,3,9,namecheap,,
10ab9b01-a448-4dca-93bc-bc60ff302d5c,twoyearsago.kiwi,available,35.68,,43,1,13,namecheap,,
10ad5890-d862-432d-8650-82465a49b8b2,motherfukkah.kiwi,available,35.68,,66,0,12,namecheap,,
10bace67-a38f-44e2-866b-7626b381a378,sawtooth.kiwi,available,35.68,,58,8,9,namecheap,,
10da3599-ba53-4fcc-b167-9bbcf21f7306,Laura.kiwi,premium,,,84,29,5,,,
10db38dc-fa0d-4032-92ec-26aa83f5e08b,thanksfornothing.kiwi,available,35.68,,56,2,18,namecheap,,
10e67b0d-d856-40f6-8dc6-a44b777647d6,flowerbox.kiwi,available,35.68,,80,7,10,namecheap,,
10e70f11-aa3b-46c0-8a3e-f8a64f32dbf8,Crayola.kiwi,premium,,,80,61,7,,,
10f1060d-4cbd-430a-bf04-8448eaeaea64,givecredit.kiwi,available,35.68,,76,1,11,namecheap,,
10f67bb0-1535-46a0-9aca-b8307ac25b7a,targets.kiwi,available,35.68,,54,10,7,namecheap,,
10f785fa-a6e9-47a8-8578-da0659919afb,limits.kiwi,available,35.68,,55,11,6,namecheap,,
110e807f-8be1-4c47-b697-909beda88db2,grayhaired.kiwi,available,35.68,,64,1,11,namecheap,,
111620ac-b869-4d60-abb4-b4b4578f66e9,CountyofMeath.kiwi,available,35.68,,42,1,15,namecheap,,
1128d740-c22e-4a4d-a1f2-d440b5a17aa3,Icouldeatabrick.kiwi,premium,,,50,1,19,,,
112c3cd0-299b-4494-8fea-6a5e320d50a6,manya.kiwi,available,35.68,,54,8,6,namecheap,,
113417e0-dee9-4d3a-b8fa-68e4b112761c,endorsee.kiwi,available,35.68,,74,1,8,namecheap,,
1146abe0-8b00-487f-8dcf-834061c7af5c,costbenefit.kiwi,available,35.68,,52,3,12,namecheap,,
11595b4b-34bd-4337-8355-dbb2c81ac67f,children.kiwi,available,35.68,,68,19,8,namecheap,,
116ee30b-e75a-45c8-aade-aadaaaa5ae14,StMoritz.kiwi,premium,,,64,14,10,,,
116f10ce-583d-4704-8a26-6bece6f383a1,windowshop.kiwi,available,35.68,,83,5,11,namecheap,,
1171f544-d3bc-48f5-94c5-b341661095d7,whotheheck.kiwi,available,35.68,,44,1,12,namecheap,,
1178ccef-3947-4b80-a652-aec919c14ff2,manages.kiwi,available,35.68,,56,3,7,namecheap,,
1186fbb3-f3a5-4a4e-b7e2-52648abb756d,roastbeef.kiwi,available,35.68,,80,4,10,namecheap,,
1189bbb8-f4b0-4892-9662-8567760031b8,styling.kiwi,available,35.68,,78,11,7,namecheap,,
119920ab-0f54-4d00-90b0-c0cf1cb56de0,getoneselftogether.kiwi,available,35.68,,49,0,20,namecheap,,
11c060b2-4b5a-4252-abba-18b33df5e62b,givesomeoneahand.kiwi,available,35.68,,68,0,19,namecheap,,
11cb3070-e08f-4e0d-bf03-f407f9c2c167,pops.kiwi,available,35.68,,74,24,4,namecheap,,
11e25010-4cb3-4fe8-b930-626b56b2f7ff,goodenough.kiwi,available,35.68,,76,14,11,namecheap,,
11eee2c6-1dcd-401a-8b46-1b7660ffe890,havenoidea.kiwi,available,35.68,,74,1,12,namecheap,,
11f1b84c-41d0-4d86-b825-816d81282afb,yur.kiwi,available,35.68,,76,9,3,namecheap,,
11f6ebd1-9061-46b4-ac1f-1dcf39bcdff8,youknowit.kiwi,available,35.68,,88,3,11,namecheap,,
11f6f811-ee98-440c-977d-f50251f2c9c1,keepin.kiwi,available,35.68,,72,6,7,namecheap,,
11f7ae74-c075-43a2-a62d-d3858921ad98,NewYorkState.kiwi,premium,,,76,4,14,,,
120ad283-f515-4817-97aa-0b36b27c23b7,properties.kiwi,available,35.68,,58,18,10,namecheap,,
12140b75-a8db-443a-ad23-dcf07c08e068,Seals.kiwi,premium,,,66,14,5,,,
121987d8-f78d-4e2c-97a0-5e03ecd687d9,generating.kiwi,available,35.68,,54,6,10,namecheap,,
122d3c78-eaf6-4faa-b3f9-ff4669c6575d,pickover.kiwi,available,35.68,,62,1,9,namecheap,,
123b146d-470c-48e5-88e9-a32e20333502,personals.kiwi,premium,55.13,,47,8,9,name.com,,
124898e2-53d7-4de4-bd19-8286bdad2d81,jetace.kiwi,available,35.68,,62,1,7,namecheap,,
1257e965-5e44-47f9-a970-d57cd51dc786,DistrictofColumbia.kiwi,premium,,,52,4,20,,,
12aa14c1-1a7b-4a13-a817-73831d9e8c5f,childlabour.kiwi,available,35.68,,56,1,12,namecheap,,
12c08a8c-f5aa-409e-916f-fd026705a226,hardcurrency.kiwi,available,35.68,,68,1,13,namecheap,,
12d34723-b705-419f-bd4a-4b7a96d35c9b,overanxious.kiwi,available,35.68,,64,1,12,namecheap,,
12d7b6a3-f279-4188-b8a1-1075560c7ea7,variables.kiwi,available,35.68,,50,6,9,namecheap,,
12d7cecd-0f85-4b8c-b246-c25f44b77860,ricepaper.kiwi,available,35.68,,77,2,10,namecheap,,
12da56c6-ce4a-42a5-91c6-685fab6c5ea5,gingerbread.kiwi,available,35.68,,80,9,11,namecheap,,
12deb391-e0c1-4115-8af3-baa9b83d42a3,fellowships.kiwi,available,35.68,,52,4,11,namecheap,,
12f5872e-38a7-4db3-be9e-ee8b4c8cc353,gonumbertwo.kiwi,available,35.68,,40,1,13,namecheap,,
12fa7099-aaa9-458c-8b60-9e5f02dedb87,BonfireNight.kiwi,premium,,,64,1,13,,,
130b4239-34ae-4f0a-a97e-6f73b507a512,inthedock.kiwi,available,35.68,,50,1,11,namecheap,,
130e9a72-3d18-4b1c-96a2-1dcdccf6d112,viceversa.kiwi,available,35.68,,66,13,10,namecheap,,
1314f7ae-c49c-42ff-8924-b4b93a9a8d3d,congregational.kiwi,available,35.68,,56,2,14,namecheap,,
131db182-0f6c-4d22-84bb-393f05d089a0,generalpopulation.kiwi,available,42.99,,64,2,18,name.com,,
1323b54f-16a1-4542-b498-415685bb4891,commonlog.kiwi,available,35.68,,50,1,10,namecheap,,
132a7bdc-db64-4e50-8b87-7d780e397afb,victories.kiwi,available,35.68,,58,5,9,namecheap,,
132b000c-9bbc-4f12-a804-79c015d84aa4,backs.kiwi,available,35.68,,56,5,5,namecheap,,
132cae46-5a80-43ff-bc30-3a701ee8e5cd,Ineedaguide.kiwi,premium,,,50,1,14,,,
133c7b81-77d3-401b-83b4-76c425bd85dc,orderout.kiwi,available,35.68,,74,3,9,namecheap,,
133d9e3a-061d-4f4b-a572-aece4fd56480,soundbar.kiwi,available,35.68,,78,6,8,namecheap,,
1348f8af-4949-4f12-9b50-d8c8f0e0e195,pages.kiwi,premium,55.14,,52,28,5,name.com,,
134fbcb5-a0fa-493c-80e4-c01e2322e152,ifalle.kiwi,available,35.68,,58,0,7,namecheap,,
1366e010-e077-4bbb-b6e2-abf0755d592a,windowblind.kiwi,available,35.68,,48,1,12,namecheap,,
137a1b91-a331-4936-bf67-85adcfc5a82b,tales.kiwi,available,35.68,,72,14,5,namecheap,,
139503dd-f9fe-431d-aaa0-1fdd6266f159,Ijustworkhere.kiwi,premium,,,50,2,16,,,
13a280c4-e23d-4661-82c5-c49bb7caecf1,VeniceBeach.kiwi,premium,,,56,7,12,,,
13aedfd2-dd96-4b5d-92fa-9a27b24a0987,products.kiwi,available,35.68,,60,23,8,namecheap,,
13b2723f-d492-401c-8890-58505c18bafe,haircuts.kiwi,available,35.68,,60,6,8,namecheap,,
13d3b5fd-26b6-4250-96be-e49bae6171c9,buds.kiwi,available,35.68,,54,15,4,namecheap,,
13d56179-f2c8-4719-9888-ec2b722436f3,everybit.kiwi,available,35.68,,64,5,9,namecheap,,
13f3afc1-994e-471a-bb50-1ecdbcf12b84,artofthepossible.kiwi,available,35.68,,48,3,19,namecheap,,
14009235-c7f5-4c7f-9ba2-1202a00d50f3,getaways.kiwi,premium,42.99,,50,9,8,name.com,,
1409936e-bae2-4146-8dca-c1d68b433210,pincushions.kiwi,available,35.68,,52,1,11,namecheap,,
140ff222-5d95-4da6-ba5f-8968c4fdd98b,finals.kiwi,available,35.68,,80,7,6,namecheap,,
1433c683-e043-4888-8886-cd4cf9f88c0a,stuffyou.kiwi,available,35.68,,44,1,9,namecheap,,
14408adb-a56f-499b-9942-33b3d45a1508,singletree.kiwi,available,35.68,,72,3,11,namecheap,,
14501beb-0026-4e15-bc8d-6665f72fd38f,incompatible.kiwi,available,35.68,,64,3,12,namecheap,,
14545661-8610-4ea5-b970-bb527d6ced1f,Cats.kiwi,premium,,,59,33,4,,,
1462bf4d-972f-4ed7-b692-dfaa02d8acdb,involves.kiwi,available,35.68,,58,3,8,namecheap,,
1483415f-4659-40bf-8cfd-6252934ffc48,LunarNewYear.kiwi,premium,,,72,3,14,,,
1483668d-f0f4-40a6-aaf1-a26d826ef39c,rescheduling.kiwi,available,35.68,,70,1,12,namecheap,,
14c08b53-7a65-4f3b-a0c7-49647b8e5d85,procedures.kiwi,available,35.68,,50,5,10,namecheap,,
14c58fca-e85f-41b4-9801-4cad1499c92b,makethegrade.kiwi,available,35.68,,70,3,14,namecheap,,
14c83f79-8622-49d1-a91c-3e544fd39846,goldenopportunity.kiwi,available,35.68,,76,3,18,namecheap,,
14c9c995-676e-445c-a35e-ef21810401c9,setsail.kiwi,available,35.68,,80,10,8,namecheap,,
14cf6ff3-a0bb-4776-b3d3-0b3fbc660fa6,leaveon.kiwi,available,35.68,,80,1,8,namecheap,,
14d66703-53f3-460f-bcc0-2d6015b806d8,officecleaner.kiwi,available,35.68,,41,1,14,namecheap,,
14e8a7a0-7b27-4da7-84ab-5554ab174801,pertained.kiwi,available,35.68,,52,1,9,namecheap,,
14e9a1a1-6400-44ef-9b40-47948f881c74,manyatimeandoft.kiwi,available,35.68,,54,1,19,namecheap,,
15056e03-bcd3-4a8a-ab3c-25a9b66d9b9d,Ellen.kiwi,premium,,,70,19,5,,,
150a9f58-04f0-4a0f-ae98-2891caa37a58,WestHills.kiwi,premium,,,62,3,10,,,
15116109-a3fc-4f06-8a75-65a1f5fc1e94,flipped.kiwi,available,35.68,,52,12,7,namecheap,,
1557a09f-f2c4-4c14-a3a4-8fc19beea7b5,highspirits.kiwi,available,35.68,,76,8,12,namecheap,,
159962a4-9175-4ce8-98f4-61195a3dd799,shovels.kiwi,available,35.68,,47,5,7,namecheap,,
15a27a95-993b-42db-8cc4-e68a5a260198,turtleneckcollar.kiwi,available,35.68,,69,1,17,namecheap,,
15a343cd-fc10-4d6f-adc1-30d0098b79a0,gains.kiwi,available,35.68,,56,17,5,namecheap,,
15b15fe2-9b80-45f0-a91a-7e00bed96ee4,getittogether.kiwi,available,35.68,,75,8,15,namecheap,,
15b299b4-12cd-4df1-a8ce-21d5365e297c,blazers.kiwi,available,35.68,,54,8,7,namecheap,,
15b2d9ee-4904-44b1-9b09-9a348e55e0fa,Elias.kiwi,premium,,,72,28,5,,,
15c90058-f68b-4d7b-a5fa-2b4e27da40af,barns.kiwi,available,35.68,,50,7,5,namecheap,,
15d4eea8-649f-4930-a5ec-669d26039f30,gobust.kiwi,available,35.68,,68,1,7,namecheap,,
15d9f37b-224c-40ab-adbc-208ad29ce35b,generalofthearmy.kiwi,available,35.68,,66,1,19,namecheap,,
15e354ed-fbc2-448c-b247-df6a72685de9,onfoot.kiwi,available,35.68,,58,5,7,namecheap,,
15ea1148-9b2d-48cd-9350-8b2889f9ce23,standardizing.kiwi,available,35.68,,43,1,13,namecheap,,
15f100c4-962b-45e1-8bfd-dbae8e7409ba,getwrong.kiwi,available,35.68,,70,1,9,namecheap,,
15f15d75-c035-4fdf-b649-9e7d1ee0cc30,cements.kiwi,available,35.68,,56,3,7,namecheap,,
15f531b2-304b-4d43-8487-8819ddecd222,pigeons.kiwi,available,35.68,,50,10,7,namecheap,,
15fcf203-77fa-4535-98f8-f1281ff8d3b4,transferableskill.kiwi,available,35.68,,72,1,18,namecheap,,
1613f775-1695-44b2-b04e-9359823104b8,Iship.kiwi,premium,,,76,6,6,,,
16233440-fb8a-438c-912d-cb9fbe3d08e2,pumpup.kiwi,available,35.68,,76,5,7,namecheap,,
16250af1-eb00-491a-be14-b2a45ae7f7b8,generalknowledge.kiwi,available,35.68,,76,4,17,namecheap,,
1625bac0-5893-4fb5-b758-f6f12815538d,allwheeldrive.kiwi,available,35.68,,72,1,15,namecheap,,
163e7b25-1da7-4671-bfa3-637726b37e9e,newer.kiwi,available,35.68,,60,8,5,namecheap,,
1656f659-e6a7-41ec-a67e-ee21e5190ae4,leaveoff.kiwi,available,35.68,,72,1,9,namecheap,,
16678a7e-1bfc-44ea-bf39-c983bc5a6852,putitabout.kiwi,available,35.68,,69,1,12,namecheap,,
167bc71b-739a-41ff-ab29-a14df57d439a,tornados.kiwi,available,35.68,,50,4,8,namecheap,,
167ffdd6-51a3-4593-9ebd-966feea92355,refundable.kiwi,available,35.68,,74,3,10,namecheap,,
1686fbf3-06bd-4792-9742-75243beb8e35,inwriting.kiwi,available,35.68,,72,3,10,namecheap,,
16950de3-2a4a-4855-85d2-1a6116b94dd7,goonvacation.kiwi,available,35.68,,48,1,14,namecheap,,
16a6865d-1095-41fc-a44e-0272f9f5fa1e,trailers.kiwi,available,35.68,,54,15,8,namecheap,,
16c4f803-2be3-4b96-a5ec-e732da654fc1,terminating.kiwi,available,35.68,,50,3,11,namecheap,,
16cc4234-122f-40c8-aa26-3e8d6d8d1fd1,actresses.kiwi,available,35.68,,56,5,9,namecheap,,
16d93d9b-f17a-478a-99e0-e418a29ccedf,emailstorm.kiwi,available,35.68,,66,1,11,namecheap,,
16e2dc1f-d4aa-45b5-a9fb-c4931df72b71,rumcake.kiwi,available,35.68,,81,2,8,namecheap,,
16f99775-0d1f-43ed-b4ba-ed9b96077531,splithairs.kiwi,available,35.68,,66,1,11,namecheap,,
16faba64-34b9-4792-9f89-73d9fbdb274d,investmentbanking.kiwi,available,35.68,,66,6,18,namecheap,,
16fdb5f2-b39d-43f2-859b-629338044e4c,busoperator.kiwi,available,35.68,,50,2,12,namecheap,,
1703228d-27a3-43fd-b379-1d7724a41231,coupons.kiwi,premium,183.99,,52,24,7,name.com,,
1703337d-31fd-43f4-b3e8-188e79660741,disassemble.kiwi,available,35.68,,68,3,11,namecheap,,
171493d9-6202-4890-9191-65e1fd07a9f3,comingfromyou.kiwi,available,35.68,,68,2,15,namecheap,,
17188a26-ec53-4e98-be83-762f499cc01d,DalaiLama.kiwi,premium,,,84,3,10,,,
17307445-d429-4b6b-b2a1-f7a2fb95d5f6,contemplating.kiwi,available,35.68,,42,3,13,namecheap,,
173f0d3f-d1d0-4f75-827c-e2adc6ee5db0,complacently.kiwi,available,35.68,,54,1,12,namecheap,,
1740e489-1823-4389-8fe5-9bff0a26aa5c,coffeeglass.kiwi,available,35.68,,80,1,12,namecheap,,
17450f29-7c95-4dc5-b169-6d32dd7819c4,passcode.kiwi,available,35.68,,78,6,8,namecheap,,
17620e82-85f3-47b0-8097-57b7f152809b,shakealeg.kiwi,premium,55.36,,71,2,11,name.com,,
1764699c-e4eb-4c68-a2c5-0a193b592f41,howno.kiwi,available,35.68,,54,1,6,namecheap,,
17755fbf-79fd-4100-b113-2fb9bce28cb1,visited.kiwi,available,35.68,,76,6,7,namecheap,,
17989d54-bbad-4546-b55b-d18f28154644,vendors.kiwi,premium,73.36,,56,12,7,name.com,,
17bddc72-790f-415e-b029-0895a2ecf159,quarterof.kiwi,available,35.68,,61,1,10,namecheap,,
17c8a457-1903-48ec-b9a9-3b8465d5e4d2,instruments.kiwi,available,35.68,,62,11,11,namecheap,,
17cf2f2e-1c15-4021-b7a6-53fb0edc7a91,uptill.kiwi,available,35.68,,50,1,7,namecheap,,
17d2ab0e-e33b-4d59-aeff-6946233e1b4d,inthethickof.kiwi,available,35.68,,50,1,15,namecheap,,
17d3f3f5-bf99-495f-896e-fa53b84eabe0,males.kiwi,available,35.68,,58,9,5,namecheap,,
17d6a1dc-6055-4cfe-ab9e-5e798a123c4b,intimes.kiwi,available,35.68,,52,3,8,namecheap,,
17de20da-b6ba-4338-b661-64a508ec9900,anangelpasses.kiwi,available,35.68,,42,0,15,namecheap,,
17df62ae-ab83-4587-bf78-48f5ae62816f,whothehell.kiwi,available,35.68,,42,1,12,namecheap,,
17f2f3a9-1818-4c3f-9784-2cd6fb7a2b3a,makewaves.kiwi,available,35.68,,78,8,10,namecheap,,
1806be90-7b47-4655-849a-bb263d974c17,payattention.kiwi,available,35.68,,68,7,13,namecheap,,
180d93a7-0a37-4228-b45d-ff43d21e58ed,knowof.kiwi,available,35.68,,68,1,7,namecheap,,
180de264-e5d3-4fc4-baa9-7799df559395,flipflops.kiwi,available,35.68,,52,5,10,namecheap,,
180e7afd-e044-4c72-b4ee-1578457048c0,getthedoor.kiwi,available,35.68,,76,0,12,namecheap,,
1818b0c3-9e38-4a20-a475-b84219ab56a7,bottoms.kiwi,available,35.68,,60,7,7,namecheap,,
182abbee-5916-432e-b4a0-e682deed4a83,booklist.kiwi,available,35.68,,74,6,8,namecheap,,
1830533c-452b-4c5f-b088-aa0e22c51b9c,makemusic.kiwi,available,35.68,,86,8,10,namecheap,,
1837354e-f9c6-4aef-89ce-728c9e1f7969,sheeit.kiwi,available,35.68,,68,1,6,namecheap,,
184870b2-e06b-4179-8637-0a5b541f7776,howdoyoumean.kiwi,available,35.68,,50,0,15,namecheap,,
18494856-c9f0-4c8a-90ce-2e8ed06952b2,getready.kiwi,available,35.68,,88,11,9,namecheap,,
185d5a74-5686-4caf-9faa-0b03b2c1ad36,makingwaves.kiwi,available,35.68,,64,7,12,namecheap,,
1860bc54-dfb3-426c-b8ee-d227ab42a959,childsexabuse.kiwi,available,35.68,,48,2,15,namecheap,,
1864eb29-a977-48e2-b1b7-dc4a715f50a9,muffincup.kiwi,available,35.68,,78,1,10,namecheap,,
186bc997-9f82-460a-9d80-5a39e6d6825c,footballers.kiwi,available,35.68,,68,4,11,namecheap,,
187799b1-ce9d-42de-88fa-9b5dbdfe34c4,bases.kiwi,available,35.68,,54,9,5,namecheap,,
187bfae1-7c83-4093-b08c-37da25ba5cca,comics.kiwi,premium,55.07,,68,23,6,name.com,,
188c43b1-1689-41e7-841b-dfdb66436529,promised.kiwi,available,35.68,,76,6,8,namecheap,,
189d1f43-f58d-40f3-8537-20a97665c855,ported.kiwi,available,35.68,,68,3,6,namecheap,,
18a6f39f-9e45-496b-9582-7f99f4767386,reallife.kiwi,available,35.68,,68,17,9,namecheap,,
18b9306a-7f50-489f-9f16-c75ad8ccc898,Ispy.kiwi,premium,,,76,14,5,,,
18ba4bbe-04b1-4b4b-ab9d-eeded0b80fde,startin.kiwi,available,35.68,,71,6,8,namecheap,,
18be9156-c5e8-40a5-9e36-ed2c203db194,types.kiwi,available,35.68,,54,14,5,namecheap,,
18d1c3a9-1dce-454e-a27e-971133fb13ed,GermanEmpire.kiwi,premium,,,52,1,13,,,
18deb09c-a606-46f7-88ca-93fafe83e5bb,atthecostof.kiwi,available,35.68,,40,1,14,namecheap,,
18f3fbcd-1fb9-46e5-9deb-fce12013d83b,manyatime.kiwi,available,35.68,,54,1,11,namecheap,,
18fe8bfd-486a-4876-a07d-a44d1dfac1dc,killed.kiwi,available,35.68,,56,5,6,namecheap,,
19025571-e3c6-4dcf-a66a-fbb017b4aac9,generators.kiwi,premium,54.94,,52,10,10,name.com,,
190582dc-03a1-470d-ba6d-e198412d084b,loops.kiwi,available,35.68,,70,19,5,namecheap,,
192616b3-99aa-4d46-a168-d9c8ecdd6516,righted.kiwi,available,35.68,,55,2,7,namecheap,,
1929d2ac-c017-45fb-a58f-6d78291037dc,hommalirice.kiwi,available,35.68,,72,1,13,namecheap,,
19460d1b-5d29-4a5a-94b0-7861fe09118f,explained.kiwi,available,35.68,,50,10,9,namecheap,,
194a46d6-213f-4415-a1ca-db6591cbd36b,windmills.kiwi,available,35.68,,61,5,9,namecheap,,
195babb7-de22-4342-b042-fb764b064b7f,likeashot.kiwi,available,35.68,,56,1,11,namecheap,,
19633a43-cf5b-4236-9cb2-7d7f2fb83701,letterofcredit.kiwi,available,35.68,,72,3,16,namecheap,,
1964a954-5a1e-48fa-887b-b4bf58ac4630,warmblooded.kiwi,available,35.68,,73,1,12,namecheap,,
196a3bf4-425d-4470-9baf-77b837aa7e10,OLEDdisplay.kiwi,available,35.68,,62,1,12,namecheap,,
196d4be4-d476-4c28-8ee8-b14fff9c2630,leavethedooropen.kiwi,available,35.68,,76,1,19,namecheap,,
199286ea-e424-46e2-860f-f2ca02408ab2,overtheboard.kiwi,available,35.68,,62,3,14,namecheap,,
199599d3-27fa-429b-a358-75e2d60c8572,Shakira.kiwi,premium,,,76,11,7,,,
19970b0e-46e3-4da6-aabd-19bce4926a4d,sweettea.kiwi,available,35.68,,78,6,9,namecheap,,
19a7d058-4dc4-4962-ab27-c097d9c39069,havingsex.kiwi,available,35.68,,58,1,10,namecheap,,
19add196-886f-4e60-a0f5-46ad1d0b80fd,grandkids.kiwi,available,35.68,,66,3,9,namecheap,,
19af89b3-c10b-42af-b538-4a7d8c311385,instate.kiwi,available,35.68,,66,4,8,namecheap,,
19b7b9b9-239b-4d99-9eeb-6c67c574d3b0,gorogue.kiwi,available,35.68,,64,4,8,namecheap,,
19bc6ef9-4b66-4ce0-8797-d1eca9d98a59,manysidedness.kiwi,available,35.68,,64,1,14,namecheap,,
19c4a2e3-8cca-43b9-bb77-6ebc3c302570,informers.kiwi,available,35.68,,52,3,9,namecheap,,
19dd03b1-fdcd-4f9a-ba1f-e8b1dcfa4370,beonto.kiwi,available,35.68,,74,1,8,namecheap,,
19e54931-e3d9-4b63-b704-351fcc7ccdaf,SouthTyrol.kiwi,premium,,,66,6,11,,,
1a17fbdd-d27b-4d83-a565-21a10b465a3f,keepnote.kiwi,available,35.68,,48,2,9,namecheap,,
1a193d78-db0f-4653-bece-249ac05adf6a,havesomeonethere.kiwi,available,35.68,,58,1,18,namecheap,,
1a2e042d-0cdc-4d83-849f-77e6415aeb4c,unlocking.kiwi,available,35.68,,76,8,9,namecheap,,
1a3a3131-2bd5-4029-825a-86c233bea74d,citizens.kiwi,premium,55.13,,60,19,8,name.com,,
1a3c736f-c038-4919-8d22-525bd5f36890,numlock.kiwi,available,35.68,,70,5,8,namecheap,,
1a4e9d87-a442-4b8a-bdd9-23b896aaf5ab,letoneoff.kiwi,available,35.68,,77,0,11,namecheap,,
1a5bc4ab-80dd-4f3d-8562-c934734f1bad,remarks.kiwi,available,35.68,,56,6,7,namecheap,,
1a714fe1-f55d-4422-8490-1e5cd8d49762,briefingnote.kiwi,available,35.68,,66,1,13,namecheap,,
1a85895d-8ca0-4480-a0f8-5a8bbe7dcbb4,therewego.kiwi,available,35.68,,56,2,11,namecheap,,
1a922abe-22e5-4dcb-b784-c7600ec64c34,slots.kiwi,premium,1102.59,,49,31,5,name.com,,
1a98345d-8eae-44d0-8e66-0f65a8fb6d63,serves.kiwi,available,35.68,,54,7,6,namecheap,,
1ac5c1f5-5e91-4707-a187-0fa2378ca0a7,notices.kiwi,available,35.68,,48,6,7,namecheap,,
1adacaae-b79e-44a8-ab87-c800da82b4c0,Ihavenomoney.kiwi,premium,,,50,1,15,,,
1add0001-f057-4c4d-8db4-26b28f30df8b,oranything.kiwi,available,35.68,,44,1,11,namecheap,,
1addedcc-42b1-455f-9a19-440273fa2a30,manysortedlogic.kiwi,available,35.68,,64,1,17,namecheap,,
1afb4ad2-a6fe-4736-b5ff-04bffd059e0a,goplatinum.kiwi,available,35.68,,76,1,11,namecheap,,
1b0e02d6-5100-4d68-b33d-b232e540248f,filewith.kiwi,available,35.68,,68,2,9,namecheap,,
1b522fe8-25c3-4ad9-a52e-953234616739,childofthemanse.kiwi,available,35.68,,60,1,18,namecheap,,
1b700ff1-3f86-49b5-b3c7-4a01db992199,inyourdreams.kiwi,available,35.68,,40,4,14,namecheap,,
1b70794b-8911-42c0-aae8-1eef236e606b,gowiththewind.kiwi,available,35.68,,74,1,16,namecheap,,
1b85a9bd-1dfb-4251-973b-18128c523dcb,howdoyoulike.kiwi,available,35.68,,52,1,15,namecheap,,
1b9fe615-d931-4c1d-ae56-8a4a8f83f492,teaplant.kiwi,available,35.68,,77,2,9,namecheap,,
1bb99cb5-d232-479a-8750-4926db9bb548,temperature.kiwi,available,35.68,,78,11,11,namecheap,,
1bbb8993-686f-44ef-9e4c-9adc0568b110,communityservice.kiwi,available,35.68,,72,5,17,namecheap,,
1bbc96f5-6760-47d6-80e6-afcb52cd7565,cattower.kiwi,available,35.68,,80,2,9,namecheap,,
1bd9e6ea-2b96-46cf-b137-a4b565c16ca3,endconsumer.kiwi,available,35.68,,68,1,12,namecheap,,
1c017cff-49a4-4c46-970a-dc7a84054b46,newsstation.kiwi,available,35.68,,52,3,12,namecheap,,
1c15e4d2-91a2-43f9-b47c-71c5ccd5fcca,natives.kiwi,available,35.68,,56,9,7,namecheap,,
1c1ba3b0-0f0a-40d8-bd3e-dd325583d692,inoperation.kiwi,available,35.68,,74,1,12,namecheap,,
1c24e637-c469-46dc-89eb-1218a62d8add,shavingoil.kiwi,available,35.68,,74,1,11,namecheap,,
1c4f3cf7-7b0b-4d5c-8f3e-955a977c1d56,equations.kiwi,available,35.68,,54,5,9,namecheap,,
1c928087-84a1-4b4f-927b-250cb4596be7,costefficient.kiwi,available,35.68,,60,1,14,namecheap,,
1c96ec32-664e-40f3-8072-50a92e9b5232,costcontrol.kiwi,available,35.68,,52,4,12,namecheap,,
1ca8acb3-fff0-4b68-8482-f212857cda32,letout.kiwi,available,35.68,,77,3,7,namecheap,,
1cb657ad-6c2e-4ef8-87da-a53fc2d80b65,playabout.kiwi,available,35.68,,70,1,10,namecheap,,
1ceae57a-fe89-4f53-b779-a47bf69f1f1c,coffeeandcake.kiwi,available,35.68,,72,2,15,namecheap,,
1cec764f-a09f-44b8-9bc1-d09d906c289f,winback.kiwi,available,35.68,,76,8,8,namecheap,,
1cf6aca5-b360-40e5-a5a1-03bb60957060,racetrack.kiwi,available,35.68,,77,10,10,namecheap,,
1cf9d8e7-4ec9-4f54-9098-a558d237aafb,touchdowns.kiwi,available,35.68,,57,2,10,namecheap,,
1cffadba-b735-4422-bb0e-67e3d52cc3b3,inthegreen.kiwi,available,35.68,,54,2,12,namecheap,,
1d037ee6-3b4b-4ade-be8b-f5734b6b16cb,biases.kiwi,available,35.68,,42,3,6,namecheap,,
1d06ac47-42c9-485f-a2bd-d9b7f78cf79f,atthebank.kiwi,available,35.68,,78,1,11,namecheap,,
1d0904c9-d77a-4d11-9c8a-f3b3d0707759,smashandgrab.kiwi,available,35.68,,48,2,14,namecheap,,
1d0c3b01-9275-4d42-9765-f7927e6af271,accountants.kiwi,available,35.68,,50,16,11,namecheap,,
1d0e5284-85a0-4532-80f7-6626881a79e4,goforthegold.kiwi,available,35.68,,66,2,15,namecheap,,
1d150069-74ce-4e26-aa5d-2cfb3ca6b8fc,JapanStandardTime.kiwi,available,35.68,,56,1,19,namecheap,,
1d1b375f-1bdf-4495-9006-b0be8e8bcf40,getstraight.kiwi,available,35.68,,77,1,12,namecheap,,
1d2c6f53-b1d7-47f6-90c6-4183d0b65dfb,inthisinstance.kiwi,available,35.68,,44,1,16,namecheap,,
1d4f66bc-7965-44f3-ade9-01011904b414,childmurderer.kiwi,available,35.68,,30,1,14,namecheap,,
1d82db70-92f1-4fa4-9e3a-d5216249a4e0,showandtell.kiwi,available,35.68,,70,8,13,namecheap,,
1d95982f-3464-4873-92fd-70b31a3a67f1,batup.kiwi,available,35.68,,48,2,6,namecheap,,
1d9a517c-7fc5-4705-a0af-6c6bef25b226,runners.kiwi,available,35.68,,78,16,7,namecheap,,
1d9a572c-925a-4220-b8c4-b7566b7499de,guestchair.kiwi,available,35.68,,72,1,11,namecheap,,
1d9c2dc4-0b6f-4393-94dc-7f4ce81d44f1,sugars.kiwi,available,35.68,,55,8,6,namecheap,,
1dba2c69-8877-491b-bae1-42cff80e865d,temporarily.kiwi,available,35.68,,62,4,11,namecheap,,
1dbbb372-2ad4-4424-8d37-4a4cae2cdfae,fires.kiwi,available,35.68,,46,10,5,namecheap,,
1dbf387c-6c8b-42dc-bae7-49c5ac51c181,flightattendants.kiwi,available,35.68,,40,2,17,namecheap,,
1dc3c00b-5786-4178-8b11-fcb52672fb63,selections.kiwi,available,35.68,,53,6,10,namecheap,,
1dcfa404-b40b-484f-bf9f-f3aa1d3e31a7,requirements.kiwi,available,35.68,,56,9,12,namecheap,,
1dd6c55e-67e6-4550-acf8-5c62e864b683,superuser.kiwi,available,35.68,,76,12,9,namecheap,,
1df95ffc-07d0-4f4b-af25-4dfede36cb00,foto.kiwi,available,35.68,,76,28,4,namecheap,,
1e08217e-1e7e-4874-aa51-9d3b77b185ac,grandmotherinlaw.kiwi,available,35.68,,76,1,18,namecheap,,
1e10f30f-75e5-4ca9-902e-4b552626079e,gusts.kiwi,available,35.68,,48,3,5,namecheap,,
1e176ca9-3726-4046-ad81-b7f0d0a88fb6,amatter.kiwi,available,35.68,,60,2,8,namecheap,,
1e21469a-513a-42ee-8057-440e3ca29c8d,feellike.kiwi,available,35.68,,74,2,9,namecheap,,
1e34544d-d2e1-4a27-b048-55827e385325,nostrilhair.kiwi,available,35.68,,43,1,12,namecheap,,
1e36306c-42be-4204-b143-79cbbc6b744a,chiefofpolice.kiwi,available,35.68,,42,0,15,namecheap,,
1e3d9b41-5e69-4ff5-afa4-b11ac071e3cd,gooddoctor.kiwi,available,35.68,,78,5,11,namecheap,,
1e4a08b7-2b33-42e5-94a5-1993f0c245d1,royalpurple.kiwi,available,35.68,,73,3,12,namecheap,,
1e5af9ab-68fb-4c6a-ad27-0eb2e053715b,undeveloped.kiwi,available,35.68,,64,5,11,namecheap,,
1e894082-0598-4624-9885-26285269f020,Allie.kiwi,premium,,,72,21,5,,,
1e97bce6-973a-4d04-b368-905482120c8d,WWWpage.kiwi,premium,,,80,1,8,,,
1eaba139-067e-4970-8ba2-3e6c41fa50f6,CountyofMitchell.kiwi,available,35.68,,42,0,18,namecheap,,
1ed26886-ed9c-4806-8cad-6b91cc547710,outofhand.kiwi,available,35.68,,63,4,11,namecheap,,
1ed2d8da-e1a8-4153-82bc-dd3aa4356dca,manyandvaried.kiwi,available,35.68,,46,1,15,namecheap,,
1ee3d91b-548a-409b-9f7b-f5a08d8b8c87,IsleofWight.kiwi,premium,,,54,9,13,,,
1f226245-46dc-46a8-8bc0-1470798b808f,comerainorshine.kiwi,available,35.68,,52,1,18,namecheap,,
1f3de0e5-b1d2-4e02-9d2a-c516ddeadf79,oneman.kiwi,available,35.68,,60,13,7,namecheap,,
1f51f83c-bc8f-4baa-8126-84c68acfcd52,remotecontrol.kiwi,available,35.68,,72,9,14,namecheap,,
1f530dd1-df7a-49f9-9890-24cd1ebca11a,speculation.kiwi,available,35.68,,62,5,11,namecheap,,
1f65129e-382b-4574-935f-de3fb543ff36,massages.kiwi,available,35.68,,61,10,8,namecheap,,
1f6e3f31-3ee1-4c98-98c8-fd7d34fbb48f,NorthKorea.kiwi,premium,,,62,9,11,,,
1f7ca197-4034-4c5b-b173-5b24319d7848,voicemail.kiwi,available,35.68,,72,9,10,namecheap,,
1f83de77-e738-48d3-8553-99276702a447,Your.kiwi,premium,,,68,59,4,,,
1f85534f-435b-40cf-85c9-506f702b3376,somekinda.kiwi,available,35.68,,66,1,10,namecheap,,
1f874919-2f7f-4db2-a9cc-f122aa539d83,sentiments.kiwi,available,35.68,,56,6,10,namecheap,,
1f981e8e-4eec-46cf-916d-3bafc34bdd71,takeastand.kiwi,available,35.68,,74,2,12,namecheap,,
1fa78b15-16ba-4601-8c46-95291db5276b,potatosalad.kiwi,available,35.68,,70,2,12,namecheap,,
1fb62b1d-7af7-4717-acdb-ba892728d458,comeofage.kiwi,available,35.68,,78,1,11,namecheap,,
1fc9615f-f7ef-4499-9723-d47781e4c505,tooright.kiwi,available,35.68,,53,1,9,namecheap,,
1fda144a-e1ac-49ef-91c5-efece231136d,thundered.kiwi,available,35.68,,49,2,9,namecheap,,
1fedbe29-428c-4fe9-bdff-55f50fb3a92f,wellmanaged.kiwi,available,35.68,,60,4,12,namecheap,,
1ff20d6c-7034-4208-b123-4cda554a905f,officedesk.kiwi,available,35.68,,55,5,11,namecheap,,
1ff353b5-302a-4e23-a3df-325ab76fb44a,gofigure.kiwi,available,35.68,,54,7,9,namecheap,,
1ff928bd-9839-4716-b1ac-4914b06db139,closeout.kiwi,available,35.68,,76,7,9,namecheap,,
20111d45-0e16-4381-81f6-6176dc067294,goingto.kiwi,available,35.68,,56,6,8,namecheap,,
2015d22e-7acf-42e8-903f-c7ff7d35b01f,Ilikepie.kiwi,premium,,,58,2,10,,,
201adfef-0f21-42a4-8748-7934bab6a905,Istandcorrected.kiwi,premium,,,50,1,17,,,
2029b4a4-fbc0-4ff8-a841-3cd8a86692cb,keychains.kiwi,available,35.68,,56,6,9,namecheap,,
20329e2a-3cdd-4071-9d77-ff670388e916,reunions.kiwi,available,35.68,,58,5,8,namecheap,,
206c789e-f766-4328-859e-9bd84562d6b9,rakeup.kiwi,available,35.68,,66,1,7,namecheap,,
20731832-b35d-446b-895f-9e149689b032,scoopin.kiwi,available,35.68,,68,1,8,namecheap,,
208d2cdb-cb6d-416c-b1f5-cc9ff4c6be8c,annotated.kiwi,available,35.68,,68,5,9,namecheap,,
20ab95f0-46ba-406f-94d3-541cce3b148b,segregation.kiwi,available,35.68,,62,2,11,namecheap,,
20ba230d-92a1-4b8b-80ee-c8ee4807748f,slideshow.kiwi,available,35.68,,72,8,10,namecheap,,
20bb0e51-65a6-48b6-9e94-0086dccc1acd,roundabout.kiwi,available,35.68,,60,14,11,namecheap,,
20be857a-acc3-40b2-810f-ed96d3ef9397,checksandbalances.kiwi,available,35.68,,66,3,19,namecheap,,
20c27e20-0291-4c2b-8d79-703c6b367ebd,Mastercard.kiwi,premium,,,90,69,10,,,
20cba56d-007f-4b56-bdfd-84022a69fd54,ADS.kiwi,premium,,,70,45,3,,,
20ee5243-c2ae-4f73-81b4-7b81659c44ab,soundbarrier.kiwi,available,35.68,,64,3,13,namecheap,,
20efc517-d13c-4d61-891a-918bea2e1f20,toweather.kiwi,available,35.68,,48,1,10,namecheap,,
2108c021-f458-4537-9c8c-33cae075bf0b,tieup.kiwi,available,35.68,,71,3,6,namecheap,,
210c7fb8-8f34-4dcd-9cad-d4cbcfe979b1,RosettaStone.kiwi,premium,,,58,12,13,,,
211afa77-f3bd-4d2a-9728-4cf466ea9c60,Ihateyou.kiwi,premium,,,52,4,10,,,
211e81ee-a1f8-450f-9147-316f6545c08e,deepest.kiwi,available,35.68,,56,4,7,namecheap,,
21490c5d-eb51-465f-ab4c-ac1cd3798036,godeep.kiwi,available,35.68,,74,7,7,namecheap,,
2149da14-334f-4aac-8253-a14d932b9a90,getstuckinto.kiwi,available,35.68,,64,0,14,namecheap,,
21587b6e-07aa-4a44-a064-bd5f819b7038,filings.kiwi,available,35.68,,48,8,7,namecheap,,
21678940-8e86-473b-aeb1-179094ad5478,challenging.kiwi,available,35.68,,72,5,11,namecheap,,
21712f2c-3aad-4bd6-9817-b09af7f8057b,treeofsorrow.kiwi,available,35.68,,60,1,14,namecheap,,
2172ae0a-130a-433c-8244-4b22bde9c0de,takeout.kiwi,available,35.68,,75,16,8,namecheap,,
21ab43d4-7817-46a3-828c-29bdf0de7e58,affiliates.kiwi,premium,73.6,,60,21,10,name.com,,
21d2d306-2ba3-45c2-8f45-ac6804f496d4,timbertruss.kiwi,available,35.68,,54,2,12,namecheap,,
21d6993b-3b30-4ce9-b252-7b8c5d8c4ca5,dothejob.kiwi,available,35.68,,74,1,10,namecheap,,
21d6b687-11f2-4cfa-9eca-45cb561ee9ab,bluecheckmark.kiwi,available,35.68,,70,2,15,namecheap,,
21f508cb-54b8-4f58-a31b-dcba0a191d8e,fellowfeel.kiwi,available,35.68,,72,1,10,namecheap,,
2202091e-6d92-46c6-bffe-df4ee2d3b755,WorldWideWeb.kiwi,premium,,,64,17,14,,,
2208b936-9344-4186-b7c5-d06e633a0ad1,riskcapital.kiwi,available,35.68,,64,3,12,namecheap,,
220de999-20a7-4e21-badf-42c73aa0324b,letterofrecall.kiwi,available,35.68,,63,1,16,namecheap,,
2213116e-22e0-4acd-80f0-131776056323,sterilization.kiwi,available,35.68,,66,3,13,namecheap,,
2214bae2-2c8d-4e04-bdb7-d20c91374a34,motorvehicles.kiwi,available,35.68,,42,1,14,namecheap,,
2223ff64-5e2b-4c6c-a3d8-b41db5787386,Westwood.kiwi,premium,,,66,15,8,,,
223ddd81-3b41-4196-acf6-4a1c70f32e1e,loaned.kiwi,available,35.68,,52,3,6,namecheap,,
2247af3f-9d92-4351-97c8-0a046ac146da,biggame.kiwi,available,35.68,,78,11,8,namecheap,,
224906dc-8325-4e10-b592-de357ccd8798,flourishing.kiwi,available,35.68,,78,15,11,namecheap,,
224fce9d-01d7-47ce-9559-f41260ffc9f3,tartarsauce.kiwi,available,35.68,,76,2,12,namecheap,,
22594756-b417-4898-82ff-322204b191e4,postbox.kiwi,available,35.68,,72,17,8,namecheap,,
227f0ce2-2566-4781-9913-e8cdacdd3caf,blooddonation.kiwi,available,35.68,,78,2,14,namecheap,,
2281ec7c-a85d-4b83-9875-a4cd8d1142bd,PubMed.kiwi,premium,,,72,7,6,,,
228ae4bb-6280-4cf1-9a5e-e7dc6026516a,hairfollicle.kiwi,available,35.68,,68,1,13,namecheap,,
228beb81-bf05-4f8d-89ba-79344d848f90,smashdown.kiwi,available,35.68,,58,2,10,namecheap,,
229cded7-60f9-41a5-ac6c-634ff1ca7a4b,childporn.kiwi,available,35.68,,56,8,10,namecheap,,
22b39ea4-aef8-4706-818c-fe331f200484,filesharing.kiwi,available,35.68,,76,7,12,namecheap,,
22d32556-ebe8-4c6e-ad67-881a9f381326,neckrest.kiwi,available,35.68,,56,1,9,namecheap,,
22d4d75c-4832-44ac-ab0b-30618ade2f21,presentation.kiwi,available,35.68,,76,19,12,namecheap,,
22db1f29-821e-4f0e-90bf-03951c8ae1ed,invogue.kiwi,available,35.68,,70,6,8,namecheap,,
22e2ba8c-3b03-4555-b824-1862d11adc89,childcare.kiwi,available,35.68,,74,19,10,namecheap,,
230214ec-e6fa-45b4-98f1-6b7cd7b95b59,softwarepackage.kiwi,available,35.68,,68,1,16,namecheap,,
2314364e-46af-4934-8e09-5c661133790f,believeyoume.kiwi,available,35.68,,48,1,14,namecheap,,
23165455-4b04-418a-97c9-1e969d28ddfc,eyecatching.kiwi,available,35.68,,76,3,12,namecheap,,
231957c3-a794-4d4e-acde-d49bc66e1320,onthepointof.kiwi,available,35.68,,46,1,15,namecheap,,
233357ce-f03e-4358-a774-0f4680a95738,childbenefit.kiwi,available,35.68,,60,3,13,namecheap,,
2357469d-fd74-45cc-be4e-287174c678db,Alexis.kiwi,available,35.68,,72,21,6,namecheap,,
235c70cd-24d4-4b6d-a8e9-ff6af0222000,Jewnose.kiwi,premium,,,66,1,8,,,
23627d7f-c81b-4fb1-b2e0-0bb291ee3178,lordmayor.kiwi,available,35.68,,76,1,10,namecheap,,
236f73c5-a77f-42f4-90b8-11d22535e8fc,asyet.kiwi,available,35.68,,56,1,6,namecheap,,
23759372-8ff1-482d-869e-a73f8c4c967f,bulletinboard.kiwi,available,35.68,,62,5,14,namecheap,,
23782a45-e7b5-4617-8b26-bfef53a39352,ambitions.kiwi,available,35.68,,64,7,9,namecheap,,
23827beb-ea82-44fd-afdb-61593b2d8dcf,chiefsofstate.kiwi,available,35.68,,42,1,15,namecheap,,
238e7431-b98a-4f6a-ab1c-807a7bf7efc6,woodentruss.kiwi,available,35.68,,56,1,12,namecheap,,
2392357f-3e0b-4f2c-ba84-18c50273216e,additions.kiwi,available,35.68,,58,4,9,namecheap,,
23a44150-cb35-4255-9245-d72a5a093d0e,techniques.kiwi,available,35.68,,50,5,10,namecheap,,
23a873d1-3b7c-42c3-85c9-44db5556595b,merrymen.kiwi,available,35.68,,80,2,9,namecheap,,
23b437dd-56a2-43e8-a4d2-374f5adcabb7,clicking.kiwi,available,35.68,,70,8,8,namecheap,,
23b60d17-e661-46ec-943e-fe747586b6ef,overeasy.kiwi,available,35.68,,68,8,9,namecheap,,
23ba875d-05ec-4002-a33e-199a33dc4e70,StClair.kiwi,premium,,,68,8,9,,,
23d0e4a1-a6f2-4c77-88b3-5f3f27a02291,joggingsuit.kiwi,available,35.68,,61,1,12,namecheap,,
23d36897-11a8-47e5-8290-cfbb59efc786,estatetrustee.kiwi,available,35.68,,42,2,14,namecheap,,
23ebe49d-90a8-4ba8-8d47-41919d4b8c16,halfassed.kiwi,available,35.68,,56,1,10,namecheap,,
23edb7f3-cb67-456a-8e1b-427835b753b9,turnovers.kiwi,available,35.68,,50,2,9,namecheap,,
23f5931a-c222-4057-b57c-9fcf0c62c33e,coverart.kiwi,available,35.68,,78,5,9,namecheap,,
24049ff6-ec2d-4291-b26a-05755fdc037a,despiteof.kiwi,available,35.68,,50,1,10,namecheap,,
24151c7f-da61-4cb3-b43b-908ce1759c79,flaxseed.kiwi,premium,42.99,,80,4,9,name.com,,
242ef153-d4dc-4ad8-bea4-80b80e18af5c,Chinesenoodles.kiwi,premium,,,54,1,15,,,
242f12dd-2dfa-4e0b-8b8c-6907fa0bda15,seekout.kiwi,available,35.68,,77,3,8,namecheap,,
2441bb4a-1419-47f4-9ec4-5c19c7902712,gomental.kiwi,available,35.68,,68,3,9,namecheap,,
244eb414-a3f5-4947-8596-d289e3a23615,movingforward.kiwi,available,35.68,,56,8,14,namecheap,,
2451f1ea-4b64-498c-8a1b-d48de1646449,BigMacsauce.kiwi,premium,,,70,1,13,,,
248404e8-d5c2-430d-9e3a-bec359c281c5,grains.kiwi,premium,42.99,,78,12,6,name.com,,
24884d7c-532b-4b7f-a1a3-377ae3d9f3d3,occurring.kiwi,available,35.68,,70,2,9,namecheap,,
24b28d1d-beef-481d-80fe-9bb6a7f7b87f,highend.kiwi,available,35.68,,72,17,8,namecheap,,
24b4e930-95a8-47db-9d9e-2ec6f3cd101e,deepdiving.kiwi,available,35.68,,76,2,11,namecheap,,
24b5df35-2450-4704-bcbf-5e4bf489d115,counselling.kiwi,available,35.68,,82,13,11,namecheap,,
24bf49e1-6f24-4fb9-9dce-3c3aae651a57,networks.kiwi,premium,55.14,,60,20,8,name.com,,
24d5b849-5035-490e-9738-4fd05943c22c,notifies.kiwi,available,35.68,,50,3,8,namecheap,,
24df8666-26a4-403d-a839-d05db015efb2,headoverheels.kiwi,available,35.68,,72,5,15,namecheap,,
24e673f6-1c1f-4b55-8e4b-ae3c7d33e001,airpollution.kiwi,available,35.68,,56,3,13,namecheap,,
24e6c7d9-a60b-4d60-b0d0-a629a8c872a3,somewhereelse.kiwi,available,35.68,,60,3,14,namecheap,,
24e812c4-90c5-4c86-8d2b-ae2bc213b926,aboveall.kiwi,available,35.68,,76,6,9,namecheap,,
24e842a0-ebaf-41ad-9147-6c8857902d16,gaslit.kiwi,available,35.68,,64,6,6,namecheap,,
24f23679-84bb-46a9-943f-6d32a6a03f69,nitpicking.kiwi,available,35.68,,58,1,10,namecheap,,
24f7ce5d-c4ea-4d53-86d9-2a23531269b5,letknow.kiwi,available,35.68,,78,1,8,namecheap,,
24f965ed-2a66-4d89-afd9-85cf87305900,motorinn.kiwi,available,35.68,,74,1,9,namecheap,,
250348cc-648e-4a1d-abfa-610ec7b4ed7c,racingline.kiwi,available,35.68,,80,5,11,namecheap,,
2510e062-7825-491e-aa73-aa04200b8b6a,longago.kiwi,available,35.68,,68,3,8,namecheap,,
2512a86a-802f-42cf-b26b-0010e543d59a,hypocritically.kiwi,available,35.68,,38,1,14,namecheap,,
25177dc4-5ab3-48ef-a768-28e8b8995045,Rounds.kiwi,premium,,,72,12,6,,,
252717e3-f8f0-4248-8a5e-1752345ddbb7,grassroots.kiwi,available,35.68,,70,21,11,namecheap,,
253a1bd6-34db-4953-bfea-50b17f08f1bc,carryoff.kiwi,available,35.68,,70,0,9,namecheap,,
253b9306-c6f8-42a5-aaa2-b7597bb592bf,breaks.kiwi,available,35.68,,52,10,6,namecheap,,
2557bfa6-aac7-4a7f-a9d0-feb75dd31fdc,advertisements.kiwi,available,35.68,,54,7,14,namecheap,,
2571f724-9e15-4c02-8422-e00b8429af8d,FrenchQuarter.kiwi,premium,,,48,5,14,,,
258b8a86-bca0-4f03-a5e9-c4fd89561bfe,cashiers.kiwi,available,35.68,,50,7,8,namecheap,,
259157e9-040a-4e23-832f-e2431eeeb006,havethefloor.kiwi,available,35.68,,64,1,14,namecheap,,
2597b079-e54f-4b27-a964-5c212431b4ca,oilpainting.kiwi,available,35.68,,78,5,12,namecheap,,
259b1ee6-6395-4351-931d-7c6444d53d23,Frenchicecream.kiwi,premium,,,72,1,16,,,
259c2f12-6b1d-43cf-91b2-b3353f8ac6c6,letloose.kiwi,available,35.68,,86,4,9,namecheap,,
259ce472-a53b-4968-801c-6b1f61e7dd98,cutthrough.kiwi,available,35.68,,74,6,11,namecheap,,
25a31996-c3bb-44cb-97f9-7282aec13454,PopeGregoryI.kiwi,premium,,,28,1,14,,,
25a748f3-ed00-427d-ad31-6b6a8472746a,inthefastlane.kiwi,available,35.68,,64,1,16,namecheap,,
25b5150f-bbb4-47b3-b2fb-e70df58859af,gosing.kiwi,available,35.68,,70,2,7,namecheap,,
25cb7632-575d-41ea-a8ff-3a376319c873,referredto.kiwi,available,35.68,,46,1,11,namecheap,,
25d5edb2-453a-421a-8280-34b7fbb18586,commonhousefly.kiwi,available,35.68,,42,1,15,namecheap,,
25d76b9b-7b86-45e1-bd22-3af231b0531d,nonsmoking.kiwi,available,35.68,,68,3,11,namecheap,,
25db81d2-a6fb-4270-bd65-d18085e64514,gobananas.kiwi,available,35.68,,74,7,10,namecheap,,
25ddd727-463c-4b43-845f-794bd45f7c23,GoodFriday.kiwi,premium,,,72,5,11,,,
25e85b6c-e5ee-4556-a3d3-3e0f71d1c324,makers.kiwi,available,35.68,,62,67,6,namecheap,,
25f15233-13a0-4dd0-a4d2-083e9f31c157,keepcompany.kiwi,available,35.68,,82,1,12,namecheap,,
262f0456-16c0-4e24-888c-8b4341690100,standbehind.kiwi,available,35.68,,68,1,12,namecheap,,
265a48ae-657e-40a2-87df-5d518edcd321,computerliterate.kiwi,available,35.68,,66,1,17,namecheap,,
26692aee-7ef9-439a-88be-b1c9cb2581b4,generalstores.kiwi,available,35.68,,50,2,14,namecheap,,
2674a446-57c1-426e-85fe-d874c2de6b02,accountpayable.kiwi,available,35.68,,62,1,15,namecheap,,
2675c7f4-14d5-455c-85e7-7eab0628613a,coffeemaking.kiwi,available,35.68,,72,2,13,namecheap,,
267b15ed-e5f8-484c-97a5-bb99f650cd1b,sentences.kiwi,available,35.68,,60,5,9,namecheap,,
26a28322-7e6b-41b4-b235-69fa7946db90,MiddleAges.kiwi,premium,,,62,3,11,,,
26ac2a6b-add0-48ad-a09f-7fecafc6190c,pairofspecs.kiwi,available,35.68,,62,1,13,namecheap,,
26ae186d-8463-43a0-916d-c540b357cda1,slipped.kiwi,available,35.68,,70,3,7,namecheap,,
26af87c4-deb9-4256-b900-839fd0a7abcf,travels.kiwi,premium,183.72,,64,18,7,name.com,,
26b803cd-41f6-43f9-9d0f-2ff6fef21fce,DakotaCounty.kiwi,premium,,,52,2,13,,,
26e136b9-2022-4031-a4f8-b76ce9f8eeaa,brands.kiwi,premium,55.12,,62,28,6,name.com,,
26e9bb2d-eca6-43cc-aea6-c3a37fe63249,closein.kiwi,available,35.68,,78,2,8,namecheap,,
26ec9596-b314-4a68-af11-93942be53410,muhfuckah.kiwi,available,35.68,,66,1,9,namecheap,,
26ef61fe-3a70-4d6e-9daf-360e9bad4f9e,Volkswagen.kiwi,premium,,,86,26,10,,,
26fb886e-ed46-4fcb-b258-5869ca673516,butterflykeyboard.kiwi,available,42.99,,72,1,18,name.com,,
270a74ec-a776-4c02-adb1-48d8adc00a10,getoneoveron.kiwi,available,35.68,,64,0,15,namecheap,,
27396d11-24f1-4706-bcfa-ea4e93491109,discjockey.kiwi,available,35.68,,82,8,11,namecheap,,
273d83fc-50ba-4fb8-ab8b-a7e0098a5109,withintent.kiwi,available,35.68,,54,6,11,namecheap,,
275226a9-6436-4082-b3bc-fdb544ad2b42,tickledpink.kiwi,available,35.68,,75,4,12,namecheap,,
2752485e-e416-455e-8e1b-55c57409739e,estateduty.kiwi,available,35.68,,50,1,11,namecheap,,
2760c0f7-bba8-4283-a141-e4846f5c395f,leasing.kiwi,available,35.68,,70,19,7,namecheap,,
276f4e13-bf99-40ca-8bf7-531b949bb966,dogshot.kiwi,available,35.68,,62,1,8,namecheap,,
277321a4-963e-47bf-8707-80cb254cc435,inthedistance.kiwi,available,35.68,,52,1,15,namecheap,,
277b7aea-aeac-4c2a-a8a3-716fb8e9bb69,naturewriter.kiwi,available,35.68,,48,1,13,namecheap,,
277e9ff1-ad03-48b8-ba6a-3e0618f912f3,NYC.kiwi,premium,,,82,42,3,,,
2785f71a-8719-489c-8bba-b5756b6051f3,chaitea.kiwi,available,35.68,,86,3,8,namecheap,,
2792745e-d5d6-4ae0-b401-2a1db92551fa,counted.kiwi,available,35.68,,58,5,7,namecheap,,
27c90457-7a4d-44a1-9726-69744273a8bc,childofcolour.kiwi,available,35.68,,42,1,15,namecheap,,
27c95cb2-5da3-44db-8416-71d999e7d0f2,parkingattendant.kiwi,available,35.68,,62,1,17,namecheap,,
27d8613c-9ec9-4e61-9644-a753cfd4c21d,attends.kiwi,available,35.68,,54,6,7,namecheap,,
27f3201d-229b-4ea6-9cb9-7851808f1e33,officeclerk.kiwi,available,35.68,,49,1,12,namecheap,,
27f55ddc-e82a-429f-891c-a6500a539e53,plantcommunity.kiwi,available,35.68,,66,2,15,namecheap,,
27f9aefa-27c3-46bf-b882-3b471b491d65,establishes.kiwi,available,35.68,,50,1,11,namecheap,,
2807ea43-eb6f-47aa-93f7-a5e794ea7215,categorical.kiwi,available,35.68,,68,4,11,namecheap,,
280eb507-2eca-4d1e-8494-633d9d5e101a,calculators.kiwi,available,35.68,,54,16,11,namecheap,,
281f5460-7970-4a43-a3bf-8334973f1951,havenoneofit.kiwi,available,35.68,,56,1,15,namecheap,,
28274087-ff6d-4c57-9a47-b0b91e2497a6,tomboys.kiwi,available,35.68,,52,2,7,namecheap,,
282aec8d-02a5-46ea-a643-847b5d4d1998,GodSavetheKing.kiwi,premium,,,76,3,17,,,
28360cd6-978b-40c7-9794-e96c3b7640fe,springsnow.kiwi,available,35.68,,54,2,11,namecheap,,
283ade01-c3c5-4af3-943a-4cbafa697a3d,sexwork.kiwi,available,35.68,,68,9,8,namecheap,,
285b2e8c-40e1-44f4-9508-e3a8c26c7636,attendto.kiwi,available,35.68,,70,1,9,namecheap,,
285f4626-0fa2-4962-a451-020a50429f30,datatable.kiwi,available,35.68,,74,4,10,namecheap,,
28618429-c048-40f6-9cbd-35805e96c6ef,overrated.kiwi,available,35.68,,60,6,10,namecheap,,
28636df6-f7f1-4d99-82fc-5aa5c132e391,implying.kiwi,available,42.99,,68,3,8,name.com,,
28651496-0c40-44c6-b9fd-dc046ca3cb7b,Amazons.kiwi,available,35.68,,60,12,7,namecheap,,
28659654-5622-4f27-b5f3-e07d60f0e25e,takedown.kiwi,available,35.68,,74,11,9,namecheap,,
28717a6d-7a4e-4691-b10a-02d56379f042,pins.kiwi,available,35.68,,68,15,4,namecheap,,
2872443a-7970-4194-a482-a33c444fa2df,divinehealing.kiwi,available,35.68,,54,7,14,namecheap,,
2879488f-2056-4a26-9450-8dea4cad5910,blooddrives.kiwi,available,35.68,,62,1,12,namecheap,,
28850aa8-cb59-41d7-bbc6-f6ade8001bae,backwhen.kiwi,available,35.68,,54,2,9,namecheap,,
2897ccb4-2ec1-420b-b8f0-021fc6355800,streetfighter.kiwi,available,35.68,,62,6,14,namecheap,,
28a7da47-5a90-4cc3-8f27-35f58fa3ff90,stood.kiwi,available,35.68,,51,4,5,namecheap,,
28addb22-322d-4ca4-81bc-7bbef108eed5,pennies.kiwi,available,35.68,,56,6,7,namecheap,,
28b075ee-5600-46b0-9a6c-5c48d8f70936,thehell.kiwi,available,35.68,,64,2,8,namecheap,,
28d2c846-d734-40a0-a10c-02cc9484d081,mouldbreaking.kiwi,available,35.68,,64,1,14,namecheap,,
28d3f653-ae19-4635-9d5c-fe8250aa1530,killedinaction.kiwi,available,35.68,,34,1,16,namecheap,,
28db276d-6991-4fa2-a5a4-ebee3e9bdddd,mostoften.kiwi,available,35.68,,56,0,10,namecheap,,
28ddeb8b-6419-4a35-a298-0b4ad482baf9,mentioning.kiwi,available,35.68,,52,2,10,namecheap,,
290aa7c5-3530-4770-82af-0eb8f7f2c943,givesomethingatry.kiwi,available,35.68,,68,1,20,namecheap,,
290c2a27-bf06-44ea-a553-6e635fe73512,thisandthat.kiwi,available,35.68,,48,10,13,namecheap,,
29227b1e-9abd-4742-82d9-1b788716abb0,beingas.kiwi,available,35.68,,58,1,8,namecheap,,
2940603a-ca11-4540-943b-08d0c9a95cb2,havetheblues.kiwi,available,35.68,,58,1,14,namecheap,,
2946771b-ca6f-492a-89d4-931291fe6be9,asopposedto.kiwi,available,35.68,,46,1,13,namecheap,,
297629e8-d446-4118-9c88-c3f94304c955,introduced.kiwi,available,35.68,,72,4,10,namecheap,,
2992a8cf-2f79-4ea6-8bf1-e7b5fa820fa7,distinctions.kiwi,available,35.68,,62,3,12,namecheap,,
299c5604-f1f2-4ee1-a88f-3bb1a247ac95,lunchmaking.kiwi,available,35.68,,78,1,11,namecheap,,
29b5333a-c044-4d15-b5a4-6b4071984bd5,strangers.kiwi,available,35.68,,46,9,9,namecheap,,
29cd48d5-83d7-4451-89d2-d7e263a3107c,gutcheck.kiwi,available,42.99,,68,8,9,name.com,,
29ce1d83-bc8e-43a4-8ee4-967390929d7f,carryout.kiwi,available,42.99,,76,4,9,name.com,,
29d6dfbf-2242-4704-8588-43d83eec7347,rivals.kiwi,available,35.68,,48,20,6,namecheap,,
29ee9c14-03cf-43d2-96f4-4d2b8b6487ec,Ilostmyglasses.kiwi,premium,,,50,0,17,,,
29f29c1f-722c-41f2-a8b3-528ae48d8b0f,costsaving.kiwi,available,35.68,,68,2,11,namecheap,,
29f3d4ca-2d53-4bde-8f7f-84074764e116,interpersonal.kiwi,available,42.99,,66,8,13,name.com,,
29f44056-4176-4f1d-b393-318103aa3e2f,pullover.kiwi,available,35.68,,74,4,9,namecheap,,
2a03f92d-1278-4c30-ae3c-ecd29678f71b,Netherlands.kiwi,premium,,,76,93,11,,,
2a0d7091-3d99-44b5-a317-bd68a849cfce,getthrough.kiwi,available,35.68,,79,2,11,namecheap,,
2a1919af-e964-4c5e-b039-d71c5079d97b,partyhat.kiwi,available,35.68,,89,5,9,namecheap,,
2a195b87-7b41-44fb-9dc4-f876b9b550bd,hobbies.kiwi,premium,73.4,,60,11,7,name.com,,
2a2104b4-65b1-4791-b5a2-8056f59ad39f,shoveover.kiwi,available,35.68,,59,1,10,namecheap,,
2a291f86-29a4-43c3-a0e7-70c5c20b6a3d,invented.kiwi,available,35.68,,74,6,8,namecheap,,
2a33af8c-9e67-4631-8e0e-5cc0e434df47,snowed.kiwi,available,35.68,,52,3,6,namecheap,,
2a47c02c-c8db-45b1-9de4-de89448d366a,Godgiven.kiwi,premium,,,70,4,9,,,
2a53509d-a29a-4a36-8992-30b0fefa4b87,keepittogether.kiwi,available,35.68,,68,2,16,namecheap,,
2a53b713-bb2f-4491-9ec2-ff19025f47a6,nojoke.kiwi,available,35.68,,48,4,7,namecheap,,
2a620205-be0a-46e4-ae6f-1d5b470dc3a6,remained.kiwi,available,35.68,,50,2,8,namecheap,,
2a67bb40-2a32-4163-aa09-f645f3d8af83,coffeepotful.kiwi,available,35.68,,72,1,13,namecheap,,
2a6c4144-f60f-43e2-8a97-4f40ed5238d6,coffeegrounds.kiwi,available,35.68,,72,2,14,namecheap,,
2a78e1d4-cf42-4073-89bd-032a256f1a6c,divinelaw.kiwi,available,35.68,,73,2,10,namecheap,,
2a8a668b-d43c-408f-9efc-87568bd4db9f,fitlikeaglove.kiwi,available,35.68,,76,1,16,namecheap,,
2a8c0ef3-0a8d-40eb-86f8-2fd4606e9c69,turnedback.kiwi,available,35.68,,53,1,11,namecheap,,
2a92509c-4db8-4ce5-92e6-3e6c653779e2,recreationroom.kiwi,available,42.99,,72,1,15,name.com,,
2a9f5354-d8f0-4232-b92a-b5b03f4d5f7d,seeingthat.kiwi,available,35.68,,58,1,11,namecheap,,
2ab2fc2d-9781-4bb3-b8b3-133013faf826,ColonelSanders.kiwi,premium,,,68,1,15,,,
2ab45c3f-e83f-43b4-95be-2450ead2cd34,assoonas.kiwi,available,35.68,,58,1,10,namecheap,,
2ad05368-7864-47e2-b322-ab4c2283516c,riders.kiwi,available,35.68,,60,14,6,namecheap,,
2ad293c7-6b90-4a85-9cba-1c7b3aabcde9,goodGod.kiwi,premium,,,82,6,8,,,
2ad75bd8-0b4b-45f6-aa36-9d52149955d4,gotobed.kiwi,available,35.68,,72,3,9,namecheap,,
2ae5ca2d-8e2d-4aab-8251-a956c476bd47,templates.kiwi,premium,183.77,,54,17,9,name.com,,
2ae73daf-ec4b-46b2-9c8f-9ac518426530,states.kiwi,available,35.68,,70,16,6,namecheap,,
2ae9e757-4a3e-4225-9850-c32f6179bc40,havetherighttime.kiwi,available,35.68,,60,1,19,namecheap,,
2aed5ebb-be9e-4308-b9cb-30117c296d5f,choirs.kiwi,available,35.68,,58,5,6,namecheap,,
2aee64cc-2c51-472b-92ad-0429d18dba4b,airfreshener.kiwi,available,35.68,,72,3,13,namecheap,,
2af36674-b454-4754-8f9b-7f71ae5d2e40,workouts.kiwi,available,35.68,,59,8,8,namecheap,,
2b0f9bf0-9786-447c-a913-3dce80c7b571,schools.kiwi,available,35.68,,72,24,7,namecheap,,
2b2ddc66-367b-4388-bf8b-f209cf4f2ce3,goawry.kiwi,available,35.68,,66,0,7,namecheap,,
2b33767c-4b6e-4e34-8131-fc88956263bc,WestHaven.kiwi,premium,,,60,7,10,,,
2b418126-16f5-40b3-87d2-0f6dac2c03d4,shootingstar.kiwi,available,35.68,,75,9,13,namecheap,,
2b6d8d28-59f2-4bad-9d6a-388971a0a4db,lets.kiwi,available,35.68,,77,39,4,namecheap,,
2b6e9e09-1cdc-4c0e-b89c-2c394c35c7ce,teaspoons.kiwi,available,35.68,,56,3,9,namecheap,,
2b7cf6bf-fdcf-44f2-94b0-2829f3f854ff,actors.kiwi,premium,183.48,,60,14,6,name.com,,
2b8232e8-2639-443a-93ab-97fb5d92f87d,poems.kiwi,premium,73.51,,58,9,5,name.com,,
2b8734eb-c24e-4b16-b81d-c505927a0688,stepdown.kiwi,available,35.68,,74,2,9,namecheap,,
2b8d3fac-192e-410c-8409-ae6421eabdca,bearings.kiwi,available,35.68,,50,11,8,namecheap,,
2b93516b-cb52-4cff-ace0-0b6ba8aa158f,snaps.kiwi,available,35.68,,52,20,5,namecheap,,
2bac172e-add3-46ad-a663-23ee59671169,malealpha.kiwi,available,35.68,,72,1,10,namecheap,,
2bb3a674-f090-4211-b750-de1baafa0446,attheriskof.kiwi,available,35.68,,50,1,14,namecheap,,
2bb4de1a-ae25-4051-89cc-9ae2751f0d58,Germanpizza.kiwi,premium,,,82,1,12,,,
2bcd6c02-671d-43cc-b533-a1e125890226,referto.kiwi,available,35.68,,66,3,8,namecheap,,
2bcdbfaf-92d4-4d09-b4ef-6c3ec53b2c10,whynot.kiwi,available,35.68,,74,44,7,namecheap,,
2bddde69-ef48-4a53-9a89-f233fb8e6cef,mountainridge.kiwi,available,35.68,,52,3,14,namecheap,,
2c0dbc74-b286-44e7-8fea-112cbbbf91e1,explanations.kiwi,available,35.68,,50,2,12,namecheap,,
2c13aba1-6baf-4b7e-8f9b-5e8e182d1df3,oldagepensioner.kiwi,available,42.99,,60,1,17,name.com,,
2c2019b2-9892-4291-b4bd-67374de39126,designs.kiwi,premium,54.94,,72,21,7,name.com,,
2c3b1e17-79b1-4738-8cbd-d3b6394c51d8,deadon.kiwi,available,35.68,,66,4,7,namecheap,,
2c416826-055a-4db4-878a-483a1e54e7a8,goforgold.kiwi,available,35.68,,74,5,11,namecheap,,
2c4cfc50-8ea3-458c-8d25-cf48f4207548,generalpublic.kiwi,available,35.68,,66,5,14,namecheap,,
2c571d52-6e01-45f2-9cfb-ed3933ebc4b0,engines.kiwi,available,35.68,,58,11,7,namecheap,,
2c5a53c1-ffee-4c59-86e6-fb3d2e1b5e98,trials.kiwi,available,35.68,,48,12,6,namecheap,,
2c64232e-14fc-46cd-b851-9a15ca7ed33b,GodSavetheQueen.kiwi,available,35.68,,76,3,18,namecheap,,
2c688d50-b7cf-406c-b3cb-281964e28cbc,moustaches.kiwi,available,35.68,,53,3,10,namecheap,,
2c733a46-650e-4de3-b8df-858453f4ed56,commonsalt.kiwi,available,35.68,,72,1,11,namecheap,,
2c8c65c5-fcd7-4195-9074-4895d66e09f1,havenot.kiwi,available,35.68,,66,4,8,namecheap,,
2c9ef4ee-6746-4b10-9c09-60198809233f,howfar.kiwi,available,35.68,,58,4,7,namecheap,,
2cb279da-c63f-4336-a20c-280c70efcaa4,CocaCola.kiwi,premium,,,92,82,9,,,
2cb7c883-fa4d-4497-a959-d47c04f9f012,GodtheHolyGhost.kiwi,premium,,,58,1,18,,,
2cd1cf88-a3dd-469f-a312-0c5bf2874a82,haveseenthisfilm.kiwi,available,35.68,,58,1,19,namecheap,,
2cd89c5f-226e-4f54-80c1-8f4392ba3cf6,trios.kiwi,available,35.68,,50,9,5,namecheap,,
2ce2c242-9fc1-46b9-bfb0-a29ee66581f9,howmany.kiwi,available,35.68,,58,8,8,namecheap,,
2cf9d979-7419-44a1-848a-0fb9a76fd843,commonlaw.kiwi,available,35.68,,68,7,10,namecheap,,
2d1e7fb0-acc0-4aca-a77e-ed201f8ef3fd,moveahead.kiwi,available,35.68,,76,6,10,namecheap,,
2d316d92-e174-49e8-b921-c9f08ecd875a,scoopout.kiwi,available,35.68,,48,1,9,namecheap,,
2d39002b-e198-4818-9ff4-57cf35b32bff,terracotta.kiwi,available,35.68,,72,12,11,namecheap,,
2d3ba004-1494-4195-8704-4b83a7b42a0a,wintertire.kiwi,available,35.68,,76,2,11,namecheap,,
2d3e5f90-0005-4815-bfee-f17577e3dce8,generalsofthearmy.kiwi,available,35.68,,48,1,20,namecheap,,
2d4ed907-bd9f-48f6-96ed-d9fd2eb24cdc,trends.kiwi,available,35.68,,60,32,6,namecheap,,
2d515a5b-0b78-4582-b860-11f07399e52f,daydreamed.kiwi,available,35.68,,62,1,10,namecheap,,
2d55b9d2-8252-4411-9ea7-d36bf11eee40,covid.kiwi,available,35.68,,74,22,5,namecheap,,
2d785af3-7b73-400f-b4aa-26a8f4bdf356,questions.kiwi,premium,55.12,,78,17,9,name.com,,
2d8014d1-047d-4a14-8ffc-30fffd8a0674,requires.kiwi,available,35.68,,58,4,8,namecheap,,
2d822c30-92d0-4da5-a05c-8bb6c2e3dac6,themself.kiwi,available,35.68,,58,2,8,namecheap,,
2d86ca7e-f8b2-4917-9dad-a121d1b94890,surebet.kiwi,available,35.68,,82,7,8,namecheap,,
2d893285-b1c0-4c8b-9d59-982d2ebbd4fc,standardscore.kiwi,available,35.68,,42,1,14,namecheap,,
2d959b88-4d3b-4705-bc6c-7401ae1d6895,hecksno.kiwi,available,35.68,,72,1,8,namecheap,,
2d9c913b-fc85-4a9c-a94c-e92d42052196,indetail.kiwi,available,35.68,,49,4,9,namecheap,,
2dacd493-e3e3-4a09-b898-23d068a1e57e,comeoff.kiwi,available,35.68,,72,1,8,namecheap,,
2db54d79-7448-4046-9903-822fe8dd3a8c,typewriters.kiwi,available,35.68,,56,4,11,namecheap,,
2db9512c-f72d-413f-a72c-dfcea648f534,investments.kiwi,premium,55.46,,60,18,11,name.com,,
2dc0c13e-8e3d-4c85-9f34-bc0099517d14,rained.kiwi,available,35.68,,50,4,6,namecheap,,
2dc2feee-30d5-4edf-b7d6-aa5bb39cb063,storytellers.kiwi,available,35.68,,66,12,12,namecheap,,
2dc54822-7279-46bc-b39c-89d310946389,leaveoffice.kiwi,available,35.68,,58,0,12,namecheap,,
2dcd1640-17cd-40cf-828b-031a4a161824,clipontie.kiwi,available,35.68,,56,1,11,namecheap,,
2dcd5768-024b-4f94-b1cb-b855ffd10cfb,resignation.kiwi,available,35.68,,70,2,11,namecheap,,
2de8a7ad-18a6-4f80-b4b9-2e581daba21a,MasterofArts.kiwi,premium,,,60,1,14,,,
2dea546b-8bda-469d-a15f-fcd1829f702a,backtalk.kiwi,available,35.68,,68,4,9,namecheap,,
2df2505b-0f77-48d9-9b50-f9d5f0e49afc,baseplate.kiwi,available,35.68,,66,7,10,namecheap,,
2e0759fc-040f-4650-a9a6-342701ec81ed,aboveground.kiwi,available,35.68,,64,6,12,namecheap,,
2e318469-9819-4df1-ac65-772c77c78397,warishell.kiwi,available,35.68,,42,1,11,namecheap,,
2e382343-b7f7-495d-98b1-4c4628a68b35,goodbooks.kiwi,available,35.68,,80,6,10,namecheap,,
2e3973c2-a635-4fe5-a479-70d5180db430,feelfree.kiwi,available,35.68,,82,10,9,namecheap,,
2e407e2a-65fb-463b-9879-29f1f7b4cebe,fruitwine.kiwi,available,35.68,,84,2,10,namecheap,,
2e48f2da-9f7c-4575-8e1b-55a6245787c6,whatwasthat.kiwi,available,35.68,,30,3,13,namecheap,,
2e5a43ef-60ac-4b2e-907c-eb998f43ef47,onthespot.kiwi,available,35.68,,68,10,11,namecheap,,
2e6d9c17-ed48-4f0b-98dc-b7eee55a8726,childcategory.kiwi,available,35.68,,42,1,14,namecheap,,
2e6f08f8-126b-45bc-a8b0-2e8c112416be,setthescene.kiwi,available,35.68,,68,3,13,namecheap,,
2e715ad1-6a6f-46dc-b52b-57b8bd933090,whitefish.kiwi,available,35.68,,68,9,10,namecheap,,
2e748941-b6eb-4816-b047-2583ff4a9b9c,turnorburn.kiwi,available,35.68,,56,1,12,namecheap,,
2e74dabc-8ec7-49f3-a912-c9a65c627e5a,performed.kiwi,available,35.68,,58,3,9,namecheap,,
2e9d1142-3dbd-4df4-840e-80cd01f7364f,allovertheboard.kiwi,available,35.68,,42,1,18,namecheap,,
2eb0f4d2-25bc-4fc6-9271-7be7eca204dd,organdonation.kiwi,available,35.68,,72,2,14,namecheap,,
2eb4afb9-feab-4eec-b846-8bb353b699a4,rubbingoil.kiwi,available,35.68,,70,1,11,namecheap,,
2eb87b8b-9e1d-45e5-893b-cfe421d932eb,disorders.kiwi,available,35.68,,46,5,9,namecheap,,
2ebfc0c9-c1c6-4d99-a883-474af16e0738,StHelena.kiwi,premium,,,70,3,10,,,
2ee7c266-9ef9-4c66-8bdf-8ebeed282b03,bigmoney.kiwi,available,35.68,,78,10,9,namecheap,,
2ef29e0e-0885-495f-a28f-f7f21cca99b5,mahfucker.kiwi,available,35.68,,66,1,9,namecheap,,
2f0d53e1-e7dc-4698-93ed-9e2582ace4f6,finalfrontier.kiwi,available,35.68,,76,7,14,namecheap,,
2f0efec1-e499-48b3-beff-79b91c02b27f,update.kiwi,premium,73.36,,88,28,7,name.com,,
2f0fcf81-5585-45f3-8988-66a15323fab4,rosegold.kiwi,available,35.68,,80,9,9,namecheap,,
2f2f04f3-835d-4697-b881-42961e9094ef,midbreakfast.kiwi,available,35.68,,70,1,12,namecheap,,
2f343301-cb24-41b6-b845-8bfae2447f9f,generalrelativity.kiwi,available,35.68,,68,2,18,namecheap,,
2f35fe8b-76c8-4af8-841b-14fe4cb26877,treating.kiwi,available,35.68,,70,3,8,namecheap,,
2f390037-e71d-48e5-bf7a-45225a42f00b,SouthCarolina.kiwi,premium,,,60,15,14,,,
2f48de83-11d4-48b9-8951-3d399d9aed28,constructive.kiwi,available,35.68,,70,16,12,namecheap,,
2f64c15c-9763-4327-900c-a0fa1dd8cd48,counterattack.kiwi,available,35.68,,64,4,14,namecheap,,
2f6b7c3e-a600-41c7-8090-387db7c82260,goonthen.kiwi,available,35.68,,48,0,10,namecheap,,
2f746e2c-42e4-4c99-afb0-9bb7b9be5a6c,sinners.kiwi,available,35.68,,48,11,7,namecheap,,
2f75aa50-1180-4e75-a651-27008bda0351,motherfukker.kiwi,available,35.68,,66,1,12,namecheap,,
2f76f9f6-57a0-4368-9a05-702a2a98bb07,gingerbreadman.kiwi,available,35.68,,70,3,15,namecheap,,
2f79f2a2-ed76-4d33-8f93-634b884bc7f2,turntup.kiwi,available,35.68,,76,2,8,namecheap,,
2f806109-6b1a-4f9d-ba85-b5f79e9d78f4,oldschool.kiwi,premium,,,74,22,10,,,
2f87cfa0-37d1-41e4-8a46-f3d6a62996c5,establishment.kiwi,available,35.68,,60,6,13,namecheap,,
2f8ade66-733b-4066-afe5-79a0fb237d64,keepsomebodyposted.kiwi,available,35.68,,46,1,20,namecheap,,
2fb67f18-7446-4598-936b-42408b467e67,ifallen.kiwi,available,35.68,,58,0,8,namecheap,,
2fb71867-da8b-4870-974f-5fae0b78231b,hardcoded.kiwi,available,35.68,,70,7,10,namecheap,,
2fc275ed-9de7-4a2b-8ced-6055c89a3e67,atthecorner.kiwi,available,35.68,,65,2,13,namecheap,,
2fc2e589-5e52-4aed-ab8a-09229cafbc30,smarted.kiwi,available,35.68,,53,5,7,namecheap,,
2fd43e02-700b-48c7-9030-b7afef900327,publicoffice.kiwi,available,35.68,,69,2,13,namecheap,,
2fd5188c-2634-4b44-9a6f-24bdeb570bb6,dollars.kiwi,available,35.68,,64,12,7,namecheap,,
2fe45aea-361b-4f9a-b3b4-92af36e85e28,suggested.kiwi,available,35.68,,64,5,9,namecheap,,
2fe4ac32-5584-4486-a8a0-e2879bb8c88d,webcontent.kiwi,available,35.68,,78,5,11,namecheap,,
2feaff43-338c-4061-be52-c2794efc5006,Christmascarol.kiwi,premium,,,72,4,15,,,
2ff361a9-3227-4560-9cdf-1e6da0986597,finalrespects.kiwi,available,35.68,,42,1,14,namecheap,,
2ff9362e-7135-4f0c-926c-1a67b02dbf18,tattooing.kiwi,available,35.68,,68,5,9,namecheap,,
30380443-e5e1-49f3-9168-b10c6a96301e,getonwithit.kiwi,available,35.68,,51,4,14,namecheap,,
30412db8-865f-46f3-b63d-11401b7a204f,informative.kiwi,available,35.68,,74,7,11,namecheap,,
3046238c-dbf3-407c-b432-e5629662aebf,deposits.kiwi,available,35.68,,54,6,8,namecheap,,
3046d3f1-433a-4fd9-8368-d2b99abc68f1,surprisingly.kiwi,available,35.68,,64,4,12,namecheap,,
3047af48-6879-4f7e-ac2d-f2151637d051,thisway.kiwi,available,35.68,,67,6,8,namecheap,,
304cf57f-c873-46b5-a58f-32a999f9d556,schoolbook.kiwi,available,35.68,,70,5,11,namecheap,,
304edeea-2b6b-4fdf-948a-7cea91717a32,purposes.kiwi,available,35.68,,48,4,8,namecheap,,
30548329-bd5f-4011-aa6c-41295d8ab6b8,facilitating.kiwi,available,35.68,,59,3,12,namecheap,,
30560b89-908f-4559-bb3c-c1dda758a9c2,toothpowder.kiwi,available,35.68,,64,1,12,namecheap,,
3056225a-609b-40cc-a840-7af305537cb7,estateinland.kiwi,available,35.68,,60,1,14,namecheap,,
306fe1f0-3649-4836-b621-79cd063917b7,trees.kiwi,premium,55.36,,58,25,5,name.com,,
30839a67-afc5-4b52-9c34-2d83f2284c41,evrything.kiwi,available,42.99,,64,3,9,name.com,,